{"type": "FeatureCollection", "features": [{"type": "Feature", "geometry": {"type": "Point", "coordinates": [-122.259216, 37.757306]}, "properties": {"county": "East Bay Parks District", "beach_name": "Crown Beach (Alameda Co)", "station_name": "Crown 2001 Shoreline Dr."}}, {"type": "Feature", "geometry": {"type": "Point", "coordinates": [-122.27506, 37.765825]}, "properties": {"county": "East Bay Parks District", "beach_name": "Crown Beach (Alameda Co)", "station_name": "Crown Bath House"}}, {"type": "Feature", "geometry": {"type": "Point", "coordinates": [-122.251743, 37.754289]}, "properties": {"county": "East Bay Parks District", "beach_name": "Crown Beach (Alameda Co)", "station_name": "Crown Bird Sanctuary"}}, {"type": "Feature", "geometry": {"type": "Point", "coordinates": [-122.278283, 37.76827]}, "properties": {"county": "East Bay Parks District", "beach_name": "Crown Beach (Alameda Co)", "station_name": "Crown Crab Cove"}}, {"type": "Feature", "geometry": {"type": "Point", "coordinates": [-122.265284, 37.759396]}, "properties": {"county": "East Bay Parks District", "beach_name": "Crown Beach (Alameda Co)", "station_name": "Crown Sunset Rd."}}, {"type": "Feature", "geometry": {"type": "Point", "coordinates": [-122.27274, 37.762876]}, "properties": {"county": "East Bay Parks District", "beach_name": "Crown Beach (Alameda Co)", "station_name": "Crown Windsurfer Corner"}}, {"type": "Feature", "geometry": {"type": "Point", "coordinates": [-122.386938, 37.92105]}, "properties": {"county": "East Bay Parks District", "beach_name": "Keller Beach (Contra Costa Co)", "station_name": "Keller North Beach"}}, {"type": "Feature", "geometry": {"type": "Point", "coordinates": [-122.386572, 37.920659]}, "properties": {"county": "East Bay Parks District", "beach_name": "Keller Beach (Contra Costa Co)", "station_name": "Keller South Beach"}}, {"type": "Feature", "geometry": {"type": "Point", "coordinates": [-124.12064, 40.98775]}, "properties": {"county": "Humboldt", "beach_name": "Clam Beach Co. Park", "station_name": "Clam Beach Co. Park"}}, {"type": "Feature", "geometry": {"type": "Point", "coordinates": [-124.12084, 41.0423]}, "properties": {"county": "Humboldt", "beach_name": "Luffenholtz Beach", "station_name": "Luffenholtz Creek"}}, {"type": "Feature", "geometry": {"type": "Point", "coordinates": [-124.12768, 40.95382]}, "properties": {"county": "Humboldt", "beach_name": "Mad River Beach Co. Park", "station_name": "North Mad River Mouth"}}, {"type": "Feature", "geometry": {"type": "Point", "coordinates": [-124.1157, 41.03007]}, "properties": {"county": "Humboldt", "beach_name": "Moonstone Beach", "station_name": "Moonstone Beach"}}, {"type": "Feature", "geometry": {"type": "Point", "coordinates": [-124.14884, 41.06164]}, "properties": {"county": "Humboldt", "beach_name": "Trinidad State Beach", "station_name": "Mill Creek/Trinidad"}}, {"type": "Feature", "geometry": {"type": "Point", "coordinates": [-118.1320419, 33.75447]}, "properties": {"county": "Long Beach City", "beach_name": "Alamitos Bay Beach", "station_name": "B-14"}}, {"type": "Feature", "geometry": {"type": "Point", "coordinates": [-118.1191635, 33.75965]}, "properties": {"county": "Long Beach City", "beach_name": "Alamitos Bay Beach", "station_name": "B-22"}}, {"type": "Feature", "geometry": {"type": "Point", "coordinates": [-118.1264496, 33.75119]}, "properties": {"county": "Long Beach City", "beach_name": "Alamitos Bay Beach", "station_name": "B-31"}}, {"type": "Feature", "geometry": {"type": "Point", "coordinates": [-118.1302185, 33.75806]}, "properties": {"county": "Long Beach City", "beach_name": "Alamitos Bay Beach", "station_name": "B-67"}}, {"type": "Feature", "geometry": {"type": "Point", "coordinates": [-118.13475, 33.77062]}, "properties": {"county": "Long Beach City", "beach_name": "Colorado Lagoon", "station_name": "B-24"}}, {"type": "Feature", "geometry": {"type": "Point", "coordinates": [-118.13435, 33.7712]}, "properties": {"county": "Long Beach City", "beach_name": "Colorado Lagoon", "station_name": "B-25"}}, {"type": "Feature", "geometry": {"type": "Point", "coordinates": [-118.1299286, 33.75012]}, "properties": {"county": "Long Beach City", "beach_name": "Long Beach", "station_name": "B-10"}}, {"type": "Feature", "geometry": {"type": "Point", "coordinates": [-118.1191635, 33.74454]}, "properties": {"county": "Long Beach City", "beach_name": "Long Beach", "station_name": "B-11"}}, {"type": "Feature", "geometry": {"type": "Point", "coordinates": [-118.1784286, 33.76393]}, "properties": {"county": "Long Beach City", "beach_name": "Long Beach", "station_name": "B-5"}}, {"type": "Feature", "geometry": {"type": "Point", "coordinates": [-118.1736221, 33.76345]}, "properties": {"county": "Long Beach City", "beach_name": "Long Beach", "station_name": "B-56"}}, {"type": "Feature", "geometry": {"type": "Point", "coordinates": [-118.1624527, 33.76135]}, "properties": {"county": "Long Beach City", "beach_name": "Long Beach", "station_name": "B-60"}}, {"type": "Feature", "geometry": {"type": "Point", "coordinates": [-118.1403809, 33.755]}, "properties": {"county": "Long Beach City", "beach_name": "Long Beach", "station_name": "B-64"}}, {"type": "Feature", "geometry": {"type": "Point", "coordinates": [-118.1312167, 33.7563]}, "properties": {"county": "Long Beach City", "beach_name": "Long Beach", "station_name": "B-69"}}, {"type": "Feature", "geometry": {"type": "Point", "coordinates": [-118.1549377, 33.75956]}, "properties": {"county": "Long Beach City", "beach_name": "Long Beach", "station_name": "B-7"}}, {"type": "Feature", "geometry": {"type": "Point", "coordinates": [-118.1485214, 33.75786]}, "properties": {"county": "Long Beach City", "beach_name": "Long Beach", "station_name": "B-8"}}, {"type": "Feature", "geometry": {"type": "Point", "coordinates": [-118.1441803, 33.75641]}, "properties": {"county": "Long Beach City", "beach_name": "Long Beach", "station_name": "B-9"}}, {"type": "Feature", "geometry": {"type": "Point", "coordinates": [-118.379, 33.7418]}, "properties": {"county": "Los Angeles", "beach_name": "Abalone Cove", "station_name": "SMB-7-4"}}, {"type": "Feature", "geometry": {"type": "Point", "coordinates": [-118.324, 33.34297]}, "properties": {"county": "Los Angeles", "beach_name": "Avalon Beach", "station_name": "DPH 117"}}, {"type": "Feature", "geometry": {"type": "Point", "coordinates": [-118.325, 33.34327]}, "properties": {"county": "Los Angeles", "beach_name": "Avalon Beach", "station_name": "DPH 118"}}, {"type": "Feature", "geometry": {"type": "Point", "coordinates": [-118.326, 33.34381]}, "properties": {"county": "Los Angeles", "beach_name": "Avalon Beach", "station_name": "DPH 119"}}, {"type": "Feature", "geometry": {"type": "Point", "coordinates": [-118.326, 33.34422]}, "properties": {"county": "Los Angeles", "beach_name": "Avalon Beach", "station_name": "DPH 120"}}, {"type": "Feature", "geometry": {"type": "Point", "coordinates": [-118.327, 33.34503]}, "properties": {"county": "Los Angeles", "beach_name": "Avalon Beach", "station_name": "DPH 121"}}, {"type": "Feature", "geometry": {"type": "Point", "coordinates": [-118.3284295, 33.35074]}, "properties": {"county": "Los Angeles", "beach_name": "Avalon Beach", "station_name": "DPH 123"}}, {"type": "Feature", "geometry": {"type": "Point", "coordinates": [-118.3286159, 33.3512183]}, "properties": {"county": "Los Angeles", "beach_name": "Avalon Beach", "station_name": "DPH 124"}}, {"type": "Feature", "geometry": {"type": "Point", "coordinates": [-118.40684, 33.79362]}, "properties": {"county": "Los Angeles", "beach_name": "Bluff Cove", "station_name": "SMB-7-2"}}, {"type": "Feature", "geometry": {"type": "Point", "coordinates": [-118.6731, 34.0383]}, "properties": {"county": "Los Angeles", "beach_name": "Carbon Beach", "station_name": "SMB-1-13"}}, {"type": "Feature", "geometry": {"type": "Point", "coordinates": [-118.75366, 34.02908]}, "properties": {"county": "Los Angeles", "beach_name": "Dan Blocker County Beach", "station_name": "DPH 005"}}, {"type": "Feature", "geometry": {"type": "Point", "coordinates": [-118.75322221, 34.02896]}, "properties": {"county": "Los Angeles", "beach_name": "Dan Blocker County Beach", "station_name": "DPH 005B"}}, {"type": "Feature", "geometry": {"type": "Point", "coordinates": [-118.741, 34.0329]}, "properties": {"county": "Los Angeles", "beach_name": "Dan Blocker County Beach", "station_name": "SMB-1-10"}}, {"type": "Feature", "geometry": {"type": "Point", "coordinates": [-118.676899, 34.0368898]}, "properties": {"county": "Los Angeles", "beach_name": "Dockweiler State Beach", "station_name": "DPH 002B"}}, {"type": "Feature", "geometry": {"type": "Point", "coordinates": [-118.44226, 33.94064]}, "properties": {"county": "Los Angeles", "beach_name": "Dockweiler State Beach", "station_name": "DPH 110"}}, {"type": "Feature", "geometry": {"type": "Point", "coordinates": [-118.43326, 33.92331]}, "properties": {"county": "Los Angeles", "beach_name": "Dockweiler State Beach", "station_name": "DPH 111"}}, {"type": "Feature", "geometry": {"type": "Point", "coordinates": [-118.4562179, 33.9611547]}, "properties": {"county": "Los Angeles", "beach_name": "Dockweiler State Beach", "station_name": "DPH 122"}}, {"type": "Feature", "geometry": {"type": "Point", "coordinates": [-118.45196, 33.95702]}, "properties": {"county": "Los Angeles", "beach_name": "Dockweiler State Beach", "station_name": "SMB-2-10"}}, {"type": "Feature", "geometry": {"type": "Point", "coordinates": [-118.4442, 33.9444]}, "properties": {"county": "Los Angeles", "beach_name": "Dockweiler State Beach", "station_name": "SMB-2-11"}}, {"type": "Feature", "geometry": {"type": "Point", "coordinates": [-118.43711, 33.93071]}, "properties": {"county": "Los Angeles", "beach_name": "Dockweiler State Beach", "station_name": "SMB-2-13"}}, {"type": "Feature", "geometry": {"type": "Point", "coordinates": [-118.8747, 34.0378]}, "properties": {"county": "Los Angeles", "beach_name": "El Matador State Beach", "station_name": "SMB-1-3"}}, {"type": "Feature", "geometry": {"type": "Point", "coordinates": [-118.8929, 34.039]}, "properties": {"county": "Los Angeles", "beach_name": "El Pescador State Beach", "station_name": "SMB-1-02"}}, {"type": "Feature", "geometry": {"type": "Point", "coordinates": [-118.42926, 33.91592]}, "properties": {"county": "Los Angeles", "beach_name": "El Segundo Beach", "station_name": "DPH 112"}}, {"type": "Feature", "geometry": {"type": "Point", "coordinates": [-118.42954, 33.91534]}, "properties": {"county": "Los Angeles", "beach_name": "El Segundo Beach", "station_name": "DPH 112B"}}, {"type": "Feature", "geometry": {"type": "Point", "coordinates": [-118.7656, 34.0253]}, "properties": {"county": "Los Angeles", "beach_name": "Escondido Beach", "station_name": "SMB-1-8"}}, {"type": "Feature", "geometry": {"type": "Point", "coordinates": [-118.40663, 33.87146]}, "properties": {"county": "Los Angeles", "beach_name": "Hermosa Beach", "station_name": "DPH 114"}}, {"type": "Feature", "geometry": {"type": "Point", "coordinates": [-118.39971, 33.85203]}, "properties": {"county": "Los Angeles", "beach_name": "Hermosa Beach", "station_name": "DPH 115"}}, {"type": "Feature", "geometry": {"type": "Point", "coordinates": [-118.39977, 33.85232]}, "properties": {"county": "Los Angeles", "beach_name": "Hermosa Beach", "station_name": "DPH 115B"}}, {"type": "Feature", "geometry": {"type": "Point", "coordinates": [-118.283, 33.71333]}, "properties": {"county": "Los Angeles", "beach_name": "Inner Cabrillo Beach", "station_name": "CB-01"}}, {"type": "Feature", "geometry": {"type": "Point", "coordinates": [-118.2831, 33.71138]}, "properties": {"county": "Los Angeles", "beach_name": "Inner Cabrillo Beach", "station_name": "CB-02"}}, {"type": "Feature", "geometry": {"type": "Point", "coordinates": [-118.6364, 34.0362]}, "properties": {"county": "Los Angeles", "beach_name": "La Costa Beach", "station_name": "SMB-1-14"}}, {"type": "Feature", "geometry": {"type": "Point", "coordinates": [-118.5977, 34.0253392]}, "properties": {"county": "Los Angeles", "beach_name": "Las Tunas County Beach", "station_name": "SMB-1-16"}}, {"type": "Feature", "geometry": {"type": "Point", "coordinates": [-118.5962, 34.02530393]}, "properties": {"county": "Los Angeles", "beach_name": "Las Tunas County Beach", "station_name": "SMB-1-17"}}, {"type": "Feature", "geometry": {"type": "Point", "coordinates": [-118.93336, 34.04558]}, "properties": {"county": "Los Angeles", "beach_name": "Leo Carillo State Beach", "station_name": "DPH 010"}}, {"type": "Feature", "geometry": {"type": "Point", "coordinates": [-118.93326, 34.04477]}, "properties": {"county": "Los Angeles", "beach_name": "Leo Carillo State Beach", "station_name": "DPH 010B"}}, {"type": "Feature", "geometry": {"type": "Point", "coordinates": [-118.39394, 33.73872]}, "properties": {"county": "Los Angeles", "beach_name": "Long Point", "station_name": "SMB-7-3"}}, {"type": "Feature", "geometry": {"type": "Point", "coordinates": [-118.39589, 33.8033]}, "properties": {"county": "Los Angeles", "beach_name": "Malaga Cove", "station_name": "SMB-7-1"}}, {"type": "Feature", "geometry": {"type": "Point", "coordinates": [-118.61012, 34.0367]}, "properties": {"county": "Los Angeles", "beach_name": "Malibu Beach", "station_name": "DPH 001"}}, {"type": "Feature", "geometry": {"type": "Point", "coordinates": [-118.68204, 34.03143]}, "properties": {"county": "Los Angeles", "beach_name": "Malibu Lagoon State Beach", "station_name": "DPH 003"}}, {"type": "Feature", "geometry": {"type": "Point", "coordinates": [-118.67853, 34.0351]}, "properties": {"county": "Los Angeles", "beach_name": "Malibu Lagoon State Beach", "station_name": "SMB-MC-2"}}, {"type": "Feature", "geometry": {"type": "Point", "coordinates": [-118.41868, 33.89441]}, "properties": {"county": "Los Angeles", "beach_name": "Manhattan Beach", "station_name": "DPH 113"}}, {"type": "Feature", "geometry": {"type": "Point", "coordinates": [-118.41849, 33.89401]}, "properties": {"county": "Los Angeles", "beach_name": "Manhattan Beach", "station_name": "DPH 113B"}}, {"type": "Feature", "geometry": {"type": "Point", "coordinates": [-118.4577173, 33.979889]}, "properties": {"county": "Los Angeles", "beach_name": "Marina Del Rey Beach - Mothers Beach", "station_name": "MDRH-1"}}, {"type": "Feature", "geometry": {"type": "Point", "coordinates": [-118.45802, 33.98084]}, "properties": {"county": "Los Angeles", "beach_name": "Marina Del Rey Beach - Mothers Beach", "station_name": "MDRH-2"}}, {"type": "Feature", "geometry": {"type": "Point", "coordinates": [-118.4569488, 33.9819795]}, "properties": {"county": "Los Angeles", "beach_name": "Marina Del Rey Beach - Mothers Beach", "station_name": "MDRH-3"}}, {"type": "Feature", "geometry": {"type": "Point", "coordinates": [-118.91559, 34.04241]}, "properties": {"county": "Los Angeles", "beach_name": "Nicholas Canyon County Beach", "station_name": "DPH 009"}}, {"type": "Feature", "geometry": {"type": "Point", "coordinates": [-118.91619, 34.04234]}, "properties": {"county": "Los Angeles", "beach_name": "Nicholas Canyon County Beach", "station_name": "DPH 009B"}}, {"type": "Feature", "geometry": {"type": "Point", "coordinates": [-118.28302, 33.70936]}, "properties": {"county": "Los Angeles", "beach_name": "Outer Cabrillo Beach", "station_name": "SMB-7-9"}}, {"type": "Feature", "geometry": {"type": "Point", "coordinates": [-118.78616, 34.02071]}, "properties": {"county": "Los Angeles", "beach_name": "Paradise Cove", "station_name": "DPH 006"}}, {"type": "Feature", "geometry": {"type": "Point", "coordinates": [-118.7897, 34.0171]}, "properties": {"county": "Los Angeles", "beach_name": "Paradise Cove", "station_name": "SMB-1-6"}}, {"type": "Feature", "geometry": {"type": "Point", "coordinates": [-118.82099, 34.01317]}, "properties": {"county": "Los Angeles", "beach_name": "Point Dume County Beach", "station_name": "DPH 007B"}}, {"type": "Feature", "geometry": {"type": "Point", "coordinates": [-118.7918, 34.0138]}, "properties": {"county": "Los Angeles", "beach_name": "Point Dume County Beach", "station_name": "SMB-O-01"}}, {"type": "Feature", "geometry": {"type": "Point", "coordinates": [-118.7242, 34.0319]}, "properties": {"county": "Los Angeles", "beach_name": "Point Dume County Beach", "station_name": "SMB-O-02"}}, {"type": "Feature", "geometry": {"type": "Point", "coordinates": [-118.29901, 33.7101]}, "properties": {"county": "Los Angeles", "beach_name": "Point Fermin Park", "station_name": "SMB-7-8"}}, {"type": "Feature", "geometry": {"type": "Point", "coordinates": [-118.36, 33.7363]}, "properties": {"county": "Los Angeles", "beach_name": "Portuguese Bend", "station_name": "SMB-7-5"}}, {"type": "Feature", "geometry": {"type": "Point", "coordinates": [-118.73389, 34.03329]}, "properties": {"county": "Los Angeles", "beach_name": "Puerco Beach", "station_name": "DPH 004"}}, {"type": "Feature", "geometry": {"type": "Point", "coordinates": [-118.73374, 34.03312]}, "properties": {"county": "Los Angeles", "beach_name": "Puerco Beach", "station_name": "DPH 004B"}}, {"type": "Feature", "geometry": {"type": "Point", "coordinates": [-118.7111, 34.0306]}, "properties": {"county": "Los Angeles", "beach_name": "Puerco Beach", "station_name": "SMB-1-12"}}, {"type": "Feature", "geometry": {"type": "Point", "coordinates": [-118.39071, 33.83207]}, "properties": {"county": "Los Angeles", "beach_name": "Redondo Beach", "station_name": "DPH 116"}}, {"type": "Feature", "geometry": {"type": "Point", "coordinates": [-118.3906, 33.8337]}, "properties": {"county": "Los Angeles", "beach_name": "Redondo Beach", "station_name": "SMB-6-03"}}, {"type": "Feature", "geometry": {"type": "Point", "coordinates": [-118.3911549, 33.8386475]}, "properties": {"county": "Los Angeles", "beach_name": "Redondo Beach", "station_name": "SMB-6-2"}}, {"type": "Feature", "geometry": {"type": "Point", "coordinates": [-118.32182, 33.71773]}, "properties": {"county": "Los Angeles", "beach_name": "Royal Palms State Beach", "station_name": "SMB-7-6"}}, {"type": "Feature", "geometry": {"type": "Point", "coordinates": [-118.51038, 34.02]}, "properties": {"county": "Los Angeles", "beach_name": "Santa Monica State Beach", "station_name": "DPH 104"}}, {"type": "Feature", "geometry": {"type": "Point", "coordinates": [-118.51008, 34.01931]}, "properties": {"county": "Los Angeles", "beach_name": "Santa Monica State Beach", "station_name": "DPH 104B"}}, {"type": "Feature", "geometry": {"type": "Point", "coordinates": [-118.50405, 34.01475]}, "properties": {"county": "Los Angeles", "beach_name": "Santa Monica State Beach", "station_name": "DPH 105"}}, {"type": "Feature", "geometry": {"type": "Point", "coordinates": [-118.5039, 34.0144]}, "properties": {"county": "Los Angeles", "beach_name": "Santa Monica State Beach", "station_name": "DPH 105B"}}, {"type": "Feature", "geometry": {"type": "Point", "coordinates": [-118.48979, 34.00199]}, "properties": {"county": "Los Angeles", "beach_name": "Santa Monica State Beach", "station_name": "DPH 106"}}, {"type": "Feature", "geometry": {"type": "Point", "coordinates": [-118.49657, 34.00806]}, "properties": {"county": "Los Angeles", "beach_name": "Santa Monica State Beach", "station_name": "SMB-3-3"}}, {"type": "Feature", "geometry": {"type": "Point", "coordinates": [-118.49296, 34.00497]}, "properties": {"county": "Los Angeles", "beach_name": "Santa Monica State Beach", "station_name": "SMB-3-4"}}, {"type": "Feature", "geometry": {"type": "Point", "coordinates": [-118.48488, 33.99662]}, "properties": {"county": "Los Angeles", "beach_name": "Santa Monica State Beach", "station_name": "SMB-3-5"}}, {"type": "Feature", "geometry": {"type": "Point", "coordinates": [-118.395041, 33.844285]}, "properties": {"county": "Los Angeles", "beach_name": "Seaside Lagoon", "station_name": "DPH 125"}}, {"type": "Feature", "geometry": {"type": "Point", "coordinates": [-118.3939, 33.8441]}, "properties": {"county": "Los Angeles", "beach_name": "Seaside Lagoon", "station_name": "DPH 126"}}, {"type": "Feature", "geometry": {"type": "Point", "coordinates": [-118.67631, 34.03757]}, "properties": {"county": "Los Angeles", "beach_name": "Surfrider Beach", "station_name": "DPH 002"}}, {"type": "Feature", "geometry": {"type": "Point", "coordinates": [-118.58196, 34.0385]}, "properties": {"county": "Los Angeles", "beach_name": "Topanga State Beach", "station_name": "SMB-1-18"}}, {"type": "Feature", "geometry": {"type": "Point", "coordinates": [-118.39424, 33.8044]}, "properties": {"county": "Los Angeles", "beach_name": "Torrance Beach", "station_name": "SMB-6-6"}}, {"type": "Feature", "geometry": {"type": "Point", "coordinates": [-118.47857, 33.98933]}, "properties": {"county": "Los Angeles", "beach_name": "Venice City Beach", "station_name": "DPH 107"}}, {"type": "Feature", "geometry": {"type": "Point", "coordinates": [-118.47822, 33.98857]}, "properties": {"county": "Los Angeles", "beach_name": "Venice City Beach", "station_name": "DPH 107B"}}, {"type": "Feature", "geometry": {"type": "Point", "coordinates": [-118.46714, 33.97826]}, "properties": {"county": "Los Angeles", "beach_name": "Venice City Beach", "station_name": "DPH 108"}}, {"type": "Feature", "geometry": {"type": "Point", "coordinates": [-118.45994, 33.96768]}, "properties": {"county": "Los Angeles", "beach_name": "Venice City Beach", "station_name": "DPH 109"}}, {"type": "Feature", "geometry": {"type": "Point", "coordinates": [-118.4824055, 33.9935842]}, "properties": {"county": "Los Angeles", "beach_name": "Venice City Beach", "station_name": "SMB-3-6"}}, {"type": "Feature", "geometry": {"type": "Point", "coordinates": [-118.47635, 33.98625]}, "properties": {"county": "Los Angeles", "beach_name": "Venice City Beach", "station_name": "SMB-3-8"}}, {"type": "Feature", "geometry": {"type": "Point", "coordinates": [-118.55052, 34.03934]}, "properties": {"county": "Los Angeles", "beach_name": "Will Rogers State Beach", "station_name": "DPH 101"}}, {"type": "Feature", "geometry": {"type": "Point", "coordinates": [-118.54393, 34.03833]}, "properties": {"county": "Los Angeles", "beach_name": "Will Rogers State Beach", "station_name": "DPH 102"}}, {"type": "Feature", "geometry": {"type": "Point", "coordinates": [-118.54452, 34.03846]}, "properties": {"county": "Los Angeles", "beach_name": "Will Rogers State Beach", "station_name": "DPH 102B"}}, {"type": "Feature", "geometry": {"type": "Point", "coordinates": [-118.53611, 34.03477]}, "properties": {"county": "Los Angeles", "beach_name": "Will Rogers State Beach", "station_name": "DPH 103"}}, {"type": "Feature", "geometry": {"type": "Point", "coordinates": [-118.53569, 34.0343]}, "properties": {"county": "Los Angeles", "beach_name": "Will Rogers State Beach", "station_name": "DPH 103B"}}, {"type": "Feature", "geometry": {"type": "Point", "coordinates": [-118.566, 34.02530412]}, "properties": {"county": "Los Angeles", "beach_name": "Will Rogers State Beach", "station_name": "SMB-2-1"}}, {"type": "Feature", "geometry": {"type": "Point", "coordinates": [-118.5557, 34.0379]}, "properties": {"county": "Los Angeles", "beach_name": "Will Rogers State Beach", "station_name": "SMB-2-2"}}, {"type": "Feature", "geometry": {"type": "Point", "coordinates": [-118.54191, 34.03744]}, "properties": {"county": "Los Angeles", "beach_name": "Will Rogers State Beach", "station_name": "SMB-2-4"}}, {"type": "Feature", "geometry": {"type": "Point", "coordinates": [-118.51955, 34.02645]}, "properties": {"county": "Los Angeles", "beach_name": "Will Rogers State Beach", "station_name": "SMB-2-7"}}, {"type": "Feature", "geometry": {"type": "Point", "coordinates": [-118.81942, 34.01393]}, "properties": {"county": "Los Angeles", "beach_name": "Zuma Beach", "station_name": "DPH 007"}}, {"type": "Feature", "geometry": {"type": "Point", "coordinates": [-118.84182, 34.0296]}, "properties": {"county": "Los Angeles", "beach_name": "Zuma Beach", "station_name": "DPH 008"}}, {"type": "Feature", "geometry": {"type": "Point", "coordinates": [-118.84194, 34.02859]}, "properties": {"county": "Los Angeles", "beach_name": "Zuma Beach", "station_name": "DPH 008B"}}, {"type": "Feature", "geometry": {"type": "Point", "coordinates": [-122.6829833, 37.90515]}, "properties": {"county": "Marin", "beach_name": "Bolinas Beach", "station_name": "BOLINAS"}}, {"type": "Feature", "geometry": {"type": "Point", "coordinates": [-122.8646, 38.109741]}, "properties": {"county": "Marin", "beach_name": "Chicken Ranch", "station_name": "CHICKEN RANCH"}}, {"type": "Feature", "geometry": {"type": "Point", "coordinates": [-122.8653833, 38.11018]}, "properties": {"county": "Marin", "beach_name": "Chicken Ranch", "station_name": "CHICKEN RANCH DITCH"}}, {"type": "Feature", "geometry": {"type": "Point", "coordinates": [-122.4610167, 38.00042]}, "properties": {"county": "Marin", "beach_name": "China Camp", "station_name": "CHINA CAMP"}}, {"type": "Feature", "geometry": {"type": "Point", "coordinates": [-122.968, 38.249]}, "properties": {"county": "Marin", "beach_name": "Dillon Beach", "station_name": "DILLON"}}, {"type": "Feature", "geometry": {"type": "Point", "coordinates": [-122.9614833, 38.02728]}, "properties": {"county": "Marin", "beach_name": "Drake's Beach", "station_name": "DRAKES BEACH"}}, {"type": "Feature", "geometry": {"type": "Point", "coordinates": [-122.9327833, 38.08278]}, "properties": {"county": "Marin", "beach_name": "DRAKES ESTERO", "station_name": "DRAKES ESTERO"}}, {"type": "Feature", "geometry": {"type": "Point", "coordinates": [-122.4747, 37.83352]}, "properties": {"county": "Marin", "beach_name": "Fort Baker Horseshoe Cove", "station_name": "BAKER NE"}}, {"type": "Feature", "geometry": {"type": "Point", "coordinates": [-122.4778, 37.83317]}, "properties": {"county": "Marin", "beach_name": "Fort Baker Horseshoe Cove", "station_name": "BAKER NW"}}, {"type": "Feature", "geometry": {"type": "Point", "coordinates": [-122.4774167, 37.83212]}, "properties": {"county": "Marin", "beach_name": "Fort Baker Horseshoe Cove", "station_name": "BAKER SW"}}, {"type": "Feature", "geometry": {"type": "Point", "coordinates": [-122.8934167, 38.1326]}, "properties": {"county": "Marin", "beach_name": "Heart's Desire", "station_name": "HEARTS DESIRE"}}, {"type": "Feature", "geometry": {"type": "Point", "coordinates": [-122.9678532, 38.23172]}, "properties": {"county": "Marin", "beach_name": "Lawson's Landing", "station_name": "LAWSONS LANDING"}}, {"type": "Feature", "geometry": {"type": "Point", "coordinates": [-122.452442, 37.992531]}, "properties": {"county": "Marin", "beach_name": "McNears Beach", "station_name": "McNEARS BEACH"}}, {"type": "Feature", "geometry": {"type": "Point", "coordinates": [-122.9219, 38.19956]}, "properties": {"county": "Marin", "beach_name": "Miller Park", "station_name": "MILLER PARK"}}, {"type": "Feature", "geometry": {"type": "Point", "coordinates": [-122.849419, 38.105935]}, "properties": {"county": "Marin", "beach_name": "Millerton Point", "station_name": "MILLERTON POINT"}}, {"type": "Feature", "geometry": {"type": "Point", "coordinates": [-122.5763167, 37.85932]}, "properties": {"county": "Marin", "beach_name": "Muir Beach", "station_name": "MUIR BEACH - CENTRAL"}}, {"type": "Feature", "geometry": {"type": "Point", "coordinates": [-122.577885, 37.85972]}, "properties": {"county": "Marin", "beach_name": "Muir Beach", "station_name": "MUIR BEACH - NORTH"}}, {"type": "Feature", "geometry": {"type": "Point", "coordinates": [-122.5749667, 37.85807]}, "properties": {"county": "Marin", "beach_name": "Muir Beach", "station_name": "MUIR BEACH - SOUTH"}}, {"type": "Feature", "geometry": {"type": "Point", "coordinates": [-122.4575, 37.8941]}, "properties": {"county": "Marin", "beach_name": "Paradise Cove", "station_name": "PARADISE COVE"}}, {"type": "Feature", "geometry": {"type": "Point", "coordinates": [-122.536869, 37.830135]}, "properties": {"county": "Marin", "beach_name": "Rodeo Beach", "station_name": "RODEO BEACH - CENTRAL"}}, {"type": "Feature", "geometry": {"type": "Point", "coordinates": [-122.5393037, 37.831681]}, "properties": {"county": "Marin", "beach_name": "Rodeo Beach", "station_name": "RODEO BEACH - NORTH"}}, {"type": "Feature", "geometry": {"type": "Point", "coordinates": [-122.535709, 37.828947]}, "properties": {"county": "Marin", "beach_name": "Rodeo Beach", "station_name": "RODEO BEACH - SOUTH"}}, {"type": "Feature", "geometry": {"type": "Point", "coordinates": [-122.489744, 37.8640924]}, "properties": {"county": "Marin", "beach_name": "Schoonmaker Beach", "station_name": "SCHOONMAKER BEACH"}}, {"type": "Feature", "geometry": {"type": "Point", "coordinates": [-122.873228, 38.1166]}, "properties": {"county": "Marin", "beach_name": "Shell Beach", "station_name": "SHELL BEACH"}}, {"type": "Feature", "geometry": {"type": "Point", "coordinates": [-122.640577, 37.896007]}, "properties": {"county": "Marin", "beach_name": "Stinson Beach", "station_name": "STINSON BEACH - CENTRAL"}}, {"type": "Feature", "geometry": {"type": "Point", "coordinates": [-122.64295, 37.89717]}, "properties": {"county": "Marin", "beach_name": "Stinson Beach", "station_name": "STINSON BEACH - NORTH"}}, {"type": "Feature", "geometry": {"type": "Point", "coordinates": [-122.63576, 37.891805]}, "properties": {"county": "Marin", "beach_name": "Stinson Beach", "station_name": "STINSON BEACH - SOUTH"}}, {"type": "Feature", "geometry": {"type": "Point", "coordinates": [-122.817782, 38.063107]}, "properties": {"county": "Marin", "beach_name": "Whitehouse Pool", "station_name": "Whitehouse Pool"}}, {"type": "Feature", "geometry": {"type": "Point", "coordinates": [-123.7937715, 39.30246]}, "properties": {"county": "Mendocino", "beach_name": "Big River-Mendocino Bay Headlands SP", "station_name": "Big River"}}, {"type": "Feature", "geometry": {"type": "Point", "coordinates": [-123.8180592, 39.36057]}, "properties": {"county": "Mendocino", "beach_name": "Caspar Headlands SB", "station_name": "Caspar Headlands"}}, {"type": "Feature", "geometry": {"type": "Point", "coordinates": [-123.8129096, 39.417]}, "properties": {"county": "Mendocino", "beach_name": "Hare Creek", "station_name": "Hare Creek"}}, {"type": "Feature", "geometry": {"type": "Point", "coordinates": [-123.808963, 39.4592]}, "properties": {"county": "Mendocino", "beach_name": "Pudding Creek Beach", "station_name": "Pudding Creek"}}, {"type": "Feature", "geometry": {"type": "Point", "coordinates": [-123.7912334, 39.27321]}, "properties": {"county": "Mendocino", "beach_name": "Van Damme SP", "station_name": "Van Damme"}}, {"type": "Feature", "geometry": {"type": "Point", "coordinates": [-123.8047192, 39.47224]}, "properties": {"county": "Mendocino", "beach_name": "Virgin Creek", "station_name": "Virgin Creek"}}, {"type": "Feature", "geometry": {"type": "Point", "coordinates": [-121.93, 36.63]}, "properties": {"county": "Monterey", "beach_name": "Asilomar State Beach", "station_name": "SDA"}}, {"type": "Feature", "geometry": {"type": "Point", "coordinates": [-121.93053, 36.5545]}, "properties": {"county": "Monterey", "beach_name": "Carmel Beach", "station_name": "CBOA"}}, {"type": "Feature", "geometry": {"type": "Point", "coordinates": [-121.88727, 36.60104]}, "properties": {"county": "Monterey", "beach_name": "Del Monte Beach", "station_name": "DMB"}}, {"type": "Feature", "geometry": {"type": "Point", "coordinates": [-121.916, 36.624]}, "properties": {"county": "Monterey", "beach_name": "Lover's Point", "station_name": "LOP"}}, {"type": "Feature", "geometry": {"type": "Point", "coordinates": [-121.899599, 36.616246]}, "properties": {"county": "Monterey", "beach_name": "Maccabee Beach", "station_name": "MCA"}}, {"type": "Feature", "geometry": {"type": "Point", "coordinates": [-121.85772, 36.61187]}, "properties": {"county": "Monterey", "beach_name": "Monterey Beach Hotel", "station_name": "MBH"}}, {"type": "Feature", "geometry": {"type": "Point", "coordinates": [-121.89537, 36.60963]}, "properties": {"county": "Monterey", "beach_name": "San Carlos Beach", "station_name": "SCB"}}, {"type": "Feature", "geometry": {"type": "Point", "coordinates": [-121.94788, 36.6104]}, "properties": {"county": "Monterey", "beach_name": "Spanish Bay Beach", "station_name": "SPB"}}, {"type": "Feature", "geometry": {"type": "Point", "coordinates": [-121.94146, 36.56601]}, "properties": {"county": "Monterey", "beach_name": "Stillwater Cove", "station_name": "STCO"}}, {"type": "Feature", "geometry": {"type": "Point", "coordinates": [-121.807, 36.842]}, "properties": {"county": "Monterey", "beach_name": "Zmudowski State Beach", "station_name": "ZMB"}}, {"type": "Feature", "geometry": {"type": "Point", "coordinates": [-117.75286, 33.51051]}, "properties": {"county": "Orange", "beach_name": "Aliso County Beach", "station_name": "ACM1Z"}}, {"type": "Feature", "geometry": {"type": "Point", "coordinates": [-117.75463, 33.51162]}, "properties": {"county": "Orange", "beach_name": "Aliso County Beach", "station_name": "S10"}}, {"type": "Feature", "geometry": {"type": "Point", "coordinates": [-117.75723, 33.51326]}, "properties": {"county": "Orange", "beach_name": "Aliso County Beach", "station_name": "S11"}}, {"type": "Feature", "geometry": {"type": "Point", "coordinates": [-117.76015, 33.51418]}, "properties": {"county": "Orange", "beach_name": "Aliso County Beach", "station_name": "S12"}}, {"type": "Feature", "geometry": {"type": "Point", "coordinates": [-117.73584, 33.48908]}, "properties": {"county": "Orange", "beach_name": "Aliso County Beach", "station_name": "S3"}}, {"type": "Feature", "geometry": {"type": "Point", "coordinates": [-117.74138, 33.49756]}, "properties": {"county": "Orange", "beach_name": "Aliso County Beach", "station_name": "S4"}}, {"type": "Feature", "geometry": {"type": "Point", "coordinates": [-117.74719, 33.50339]}, "properties": {"county": "Orange", "beach_name": "Aliso County Beach", "station_name": "S6"}}, {"type": "Feature", "geometry": {"type": "Point", "coordinates": [-117.74845, 33.50499]}, "properties": {"county": "Orange", "beach_name": "Aliso County Beach", "station_name": "S7"}}, {"type": "Feature", "geometry": {"type": "Point", "coordinates": [-117.75087, 33.50755]}, "properties": {"county": "Orange", "beach_name": "Aliso County Beach", "station_name": "S8"}}, {"type": "Feature", "geometry": {"type": "Point", "coordinates": [-117.75237, 33.50962]}, "properties": {"county": "Orange", "beach_name": "Aliso County Beach", "station_name": "S9"}}, {"type": "Feature", "geometry": {"type": "Point", "coordinates": [-118.042, 33.68818]}, "properties": {"county": "Orange", "beach_name": "Bolsa Chica State Beach", "station_name": "33N"}}, {"type": "Feature", "geometry": {"type": "Point", "coordinates": [-118.05494, 33.70208]}, "properties": {"county": "Orange", "beach_name": "Bolsa Chica State Beach", "station_name": "39N"}}, {"type": "Feature", "geometry": {"type": "Point", "coordinates": [-117.66536, 33.45311]}, "properties": {"county": "Orange", "beach_name": "Capistrano Bay District", "station_name": "CSBBR1Z"}}, {"type": "Feature", "geometry": {"type": "Point", "coordinates": [-117.6612, 33.45096]}, "properties": {"county": "Orange", "beach_name": "Capistrano Bay District", "station_name": "S-11"}}, {"type": "Feature", "geometry": {"type": "Point", "coordinates": [-117.65509, 33.44762]}, "properties": {"county": "Orange", "beach_name": "Capistrano Bay District", "station_name": "S-13"}}, {"type": "Feature", "geometry": {"type": "Point", "coordinates": [-117.66666, 33.45403]}, "properties": {"county": "Orange", "beach_name": "Capistrano Beach", "station_name": "CSBMP1Z"}}, {"type": "Feature", "geometry": {"type": "Point", "coordinates": [-117.66827, 33.4545]}, "properties": {"county": "Orange", "beach_name": "Capistrano Beach", "station_name": "S-9"}}, {"type": "Feature", "geometry": {"type": "Point", "coordinates": [-117.84916, 33.57833]}, "properties": {"county": "Orange", "beach_name": "Crystal Cove State Park", "station_name": "39S"}}, {"type": "Feature", "geometry": {"type": "Point", "coordinates": [-117.82205, 33.56023]}, "properties": {"county": "Orange", "beach_name": "Crystal Cove State Park", "station_name": "ELMOROZ"}}, {"type": "Feature", "geometry": {"type": "Point", "coordinates": [-117.82836, 33.56396]}, "properties": {"county": "Orange", "beach_name": "Crystal Cove State Park", "station_name": "MDCD"}}, {"type": "Feature", "geometry": {"type": "Point", "coordinates": [-117.857175, 33.582294]}, "properties": {"county": "Orange", "beach_name": "Crystal Cove State Park", "station_name": "MDCU"}}, {"type": "Feature", "geometry": {"type": "Point", "coordinates": [-117.84055, 33.57416]}, "properties": {"county": "Orange", "beach_name": "Crystal Cove State Park", "station_name": "ONB39"}}, {"type": "Feature", "geometry": {"type": "Point", "coordinates": [-117.85694, 33.58221]}, "properties": {"county": "Orange", "beach_name": "Crystal Cove State Park", "station_name": "PPCD"}}, {"type": "Feature", "geometry": {"type": "Point", "coordinates": [-117.84062, 33.57601]}, "properties": {"county": "Orange", "beach_name": "Crystal Cove State Park", "station_name": "PPCU"}}, {"type": "Feature", "geometry": {"type": "Point", "coordinates": [-117.71826, 33.46959]}, "properties": {"county": "Orange", "beach_name": "Dana Point", "station_name": "S1"}}, {"type": "Feature", "geometry": {"type": "Point", "coordinates": [-117.72423, 33.47926]}, "properties": {"county": "Orange", "beach_name": "Dana Point", "station_name": "S2"}}, {"type": "Feature", "geometry": {"type": "Point", "coordinates": [-117.70739, 33.46044]}, "properties": {"county": "Orange", "beach_name": "Dana Point", "station_name": "S-6"}}, {"type": "Feature", "geometry": {"type": "Point", "coordinates": [-117.6905, 33.4595]}, "properties": {"county": "Orange", "beach_name": "Dana Point Harbor", "station_name": "BDP07"}}, {"type": "Feature", "geometry": {"type": "Point", "coordinates": [-117.7055, 33.46133]}, "properties": {"county": "Orange", "beach_name": "Dana Point Harbor", "station_name": "BDP08"}}, {"type": "Feature", "geometry": {"type": "Point", "coordinates": [-117.705, 33.46216]}, "properties": {"county": "Orange", "beach_name": "Dana Point Harbor", "station_name": "BDP12"}}, {"type": "Feature", "geometry": {"type": "Point", "coordinates": [-117.7043333, 33.46233]}, "properties": {"county": "Orange", "beach_name": "Dana Point Harbor", "station_name": "BDP13"}}, {"type": "Feature", "geometry": {"type": "Point", "coordinates": [-117.7043333, 33.4625]}, "properties": {"county": "Orange", "beach_name": "Dana Point Harbor", "station_name": "BDP14"}}, {"type": "Feature", "geometry": {"type": "Point", "coordinates": [-117.7045, 33.46233]}, "properties": {"county": "Orange", "beach_name": "Dana Point Harbor", "station_name": "BDP15"}}, {"type": "Feature", "geometry": {"type": "Point", "coordinates": [-117.70622, 33.46166]}, "properties": {"county": "Orange", "beach_name": "Dana Point Harbor", "station_name": "BDP16"}}, {"type": "Feature", "geometry": {"type": "Point", "coordinates": [-117.70349, 33.46202]}, "properties": {"county": "Orange", "beach_name": "Dana Point Harbor", "station_name": "BDP17"}}, {"type": "Feature", "geometry": {"type": "Point", "coordinates": [-117.69322, 33.45841]}, "properties": {"county": "Orange", "beach_name": "Dana Point Harbor", "station_name": "MDP10"}}, {"type": "Feature", "geometry": {"type": "Point", "coordinates": [-117.70406, 33.46218]}, "properties": {"county": "Orange", "beach_name": "Dana Point Harbor", "station_name": "MDP11"}}, {"type": "Feature", "geometry": {"type": "Point", "coordinates": [-117.6948, 33.45695]}, "properties": {"county": "Orange", "beach_name": "Dana Point Harbor", "station_name": "MDP18"}}, {"type": "Feature", "geometry": {"type": "Point", "coordinates": [-117.67056, 33.45619]}, "properties": {"county": "Orange", "beach_name": "Doheny State Beach", "station_name": "DSB1Z"}}, {"type": "Feature", "geometry": {"type": "Point", "coordinates": [-117.67764, 33.4603]}, "properties": {"county": "Orange", "beach_name": "Doheny State Beach", "station_name": "DSB4Z"}}, {"type": "Feature", "geometry": {"type": "Point", "coordinates": [-117.68928, 33.46139]}, "properties": {"county": "Orange", "beach_name": "Doheny State Beach", "station_name": "DSB5Z"}}, {"type": "Feature", "geometry": {"type": "Point", "coordinates": [-117.68252, 33.46195]}, "properties": {"county": "Orange", "beach_name": "Doheny State Beach", "station_name": "S-0"}}, {"type": "Feature", "geometry": {"type": "Point", "coordinates": [-117.6965, 33.46071]}, "properties": {"county": "Orange", "beach_name": "Doheny State Beach", "station_name": "S-1"}}, {"type": "Feature", "geometry": {"type": "Point", "coordinates": [-117.68454, 33.46171]}, "properties": {"county": "Orange", "beach_name": "Doheny State Beach", "station_name": "S-2"}}, {"type": "Feature", "geometry": {"type": "Point", "coordinates": [-117.67812, 33.46039]}, "properties": {"county": "Orange", "beach_name": "Doheny State Beach", "station_name": "S-3"}}, {"type": "Feature", "geometry": {"type": "Point", "coordinates": [-117.68411, 33.46155]}, "properties": {"county": "Orange", "beach_name": "Doheny State Beach", "station_name": "SJC1Z"}}, {"type": "Feature", "geometry": {"type": "Point", "coordinates": [-117.99236, 33.64866]}, "properties": {"county": "Orange", "beach_name": "Huntington City Beach", "station_name": "12N"}}, {"type": "Feature", "geometry": {"type": "Point", "coordinates": [-117.99736, 33.65201]}, "properties": {"county": "Orange", "beach_name": "Huntington City Beach", "station_name": "15N"}}, {"type": "Feature", "geometry": {"type": "Point", "coordinates": [-118.01322, 33.66385]}, "properties": {"county": "Orange", "beach_name": "Huntington City Beach", "station_name": "21N"}}, {"type": "Feature", "geometry": {"type": "Point", "coordinates": [-118.02853, 33.67565]}, "properties": {"county": "Orange", "beach_name": "Huntington City Beach", "station_name": "27N"}}, {"type": "Feature", "geometry": {"type": "Point", "coordinates": [-118.06924, 33.71718]}, "properties": {"county": "Orange", "beach_name": "Huntington Harbour", "station_name": "BHH04"}}, {"type": "Feature", "geometry": {"type": "Point", "coordinates": [-118.08184, 33.72842]}, "properties": {"county": "Orange", "beach_name": "Huntington Harbour", "station_name": "BHH05"}}, {"type": "Feature", "geometry": {"type": "Point", "coordinates": [-118.05648, 33.72527]}, "properties": {"county": "Orange", "beach_name": "Huntington Harbour", "station_name": "BHH06"}}, {"type": "Feature", "geometry": {"type": "Point", "coordinates": [-118.0647, 33.72895]}, "properties": {"county": "Orange", "beach_name": "Huntington Harbour", "station_name": "BHH09"}}, {"type": "Feature", "geometry": {"type": "Point", "coordinates": [-118.07125, 33.72094]}, "properties": {"county": "Orange", "beach_name": "Huntington Harbour", "station_name": "BHH11"}}, {"type": "Feature", "geometry": {"type": "Point", "coordinates": [-118.06579, 33.72658]}, "properties": {"county": "Orange", "beach_name": "Huntington Harbour", "station_name": "BHH12"}}, {"type": "Feature", "geometry": {"type": "Point", "coordinates": [-118.06514, 33.72045]}, "properties": {"county": "Orange", "beach_name": "Huntington Harbour", "station_name": "BHH13"}}, {"type": "Feature", "geometry": {"type": "Point", "coordinates": [-118.07126, 33.72644]}, "properties": {"county": "Orange", "beach_name": "Huntington Harbour", "station_name": "BHH15"}}, {"type": "Feature", "geometry": {"type": "Point", "coordinates": [-118.06443, 33.71617]}, "properties": {"county": "Orange", "beach_name": "Huntington Harbour", "station_name": "BHH16"}}, {"type": "Feature", "geometry": {"type": "Point", "coordinates": [-118.05581, 33.7121]}, "properties": {"county": "Orange", "beach_name": "Huntington Harbour", "station_name": "MHH01"}}, {"type": "Feature", "geometry": {"type": "Point", "coordinates": [-118.07557, 33.72734]}, "properties": {"county": "Orange", "beach_name": "Huntington Harbour", "station_name": "MHH07"}}, {"type": "Feature", "geometry": {"type": "Point", "coordinates": [-118.05816, 33.71686]}, "properties": {"county": "Orange", "beach_name": "Huntington Harbour", "station_name": "MHH10"}}, {"type": "Feature", "geometry": {"type": "Point", "coordinates": [-118.07639, 33.72471]}, "properties": {"county": "Orange", "beach_name": "Huntington Harbour", "station_name": "MHH14"}}, {"type": "Feature", "geometry": {"type": "Point", "coordinates": [-117.95968, 33.62929]}, "properties": {"county": "Orange", "beach_name": "Huntington State Beach", "station_name": "0"}}, {"type": "Feature", "geometry": {"type": "Point", "coordinates": [-117.96602, 33.63311]}, "properties": {"county": "Orange", "beach_name": "Huntington State Beach", "station_name": "3N"}}, {"type": "Feature", "geometry": {"type": "Point", "coordinates": [-117.97541, 33.63838]}, "properties": {"county": "Orange", "beach_name": "Huntington State Beach", "station_name": "6N"}}, {"type": "Feature", "geometry": {"type": "Point", "coordinates": [-117.98126, 33.6417]}, "properties": {"county": "Orange", "beach_name": "Huntington State Beach", "station_name": "9N"}}, {"type": "Feature", "geometry": {"type": "Point", "coordinates": [-117.77359, 33.52963]}, "properties": {"county": "Orange", "beach_name": "Laguna Beach", "station_name": "BLUBRDZ"}}, {"type": "Feature", "geometry": {"type": "Point", "coordinates": [-117.76118, 33.51689]}, "properties": {"county": "Orange", "beach_name": "Laguna Beach", "station_name": "BLULGNZ"}}, {"type": "Feature", "geometry": {"type": "Point", "coordinates": [-117.78061, 33.53697]}, "properties": {"county": "Orange", "beach_name": "Laguna Beach", "station_name": "CLEOZ"}}, {"type": "Feature", "geometry": {"type": "Point", "coordinates": [-117.76302, 33.51919]}, "properties": {"county": "Orange", "beach_name": "Laguna Beach", "station_name": "DUMONDZ"}}, {"type": "Feature", "geometry": {"type": "Point", "coordinates": [-117.80801, 33.55099]}, "properties": {"county": "Orange", "beach_name": "Laguna Beach", "station_name": "EMRLDZ"}}, {"type": "Feature", "geometry": {"type": "Point", "coordinates": [-117.79458, 33.54475]}, "properties": {"county": "Orange", "beach_name": "Laguna Beach", "station_name": "HEISLRZ"}}, {"type": "Feature", "geometry": {"type": "Point", "coordinates": [-117.78547, 33.54191]}, "properties": {"county": "Orange", "beach_name": "Laguna Beach", "station_name": "MAINBCZ"}}, {"type": "Feature", "geometry": {"type": "Point", "coordinates": [-117.80147, 33.54658]}, "properties": {"county": "Orange", "beach_name": "Laguna Beach", "station_name": "OLB05"}}, {"type": "Feature", "geometry": {"type": "Point", "coordinates": [-117.77275, 33.52809]}, "properties": {"county": "Orange", "beach_name": "Laguna Beach", "station_name": "PEARLZ"}}, {"type": "Feature", "geometry": {"type": "Point", "coordinates": [-117.78361, 33.54087]}, "properties": {"county": "Orange", "beach_name": "Laguna Beach", "station_name": "VICTRAZ"}}, {"type": "Feature", "geometry": {"type": "Point", "coordinates": [-117.74812, 33.50415]}, "properties": {"county": "Orange", "beach_name": "Laguna Beach", "station_name": "WESTZ"}}, {"type": "Feature", "geometry": {"type": "Point", "coordinates": [-117.72583, 33.47611]}, "properties": {"county": "Orange", "beach_name": "Monarch Beach", "station_name": "OSL25"}}, {"type": "Feature", "geometry": {"type": "Point", "coordinates": [-117.72595, 33.48172]}, "properties": {"county": "Orange", "beach_name": "Monarch Beach", "station_name": "SCM1Z"}}, {"type": "Feature", "geometry": {"type": "Point", "coordinates": [-117.886, 33.60578]}, "properties": {"county": "Orange", "beach_name": "Newport Bay", "station_name": "BNB01"}}, {"type": "Feature", "geometry": {"type": "Point", "coordinates": [-117.89053, 33.60871]}, "properties": {"county": "Orange", "beach_name": "Newport Bay", "station_name": "BNB02"}}, {"type": "Feature", "geometry": {"type": "Point", "coordinates": [-117.89493, 33.60833]}, "properties": {"county": "Orange", "beach_name": "Newport Bay", "station_name": "BNB03"}}, {"type": "Feature", "geometry": {"type": "Point", "coordinates": [-117.90758, 33.61259]}, "properties": {"county": "Orange", "beach_name": "Newport Bay", "station_name": "BNB05"}}, {"type": "Feature", "geometry": {"type": "Point", "coordinates": [-117.91957, 33.61495]}, "properties": {"county": "Orange", "beach_name": "Newport Bay", "station_name": "BNB07"}}, {"type": "Feature", "geometry": {"type": "Point", "coordinates": [-117.93664, 33.62082]}, "properties": {"county": "Orange", "beach_name": "Newport Bay", "station_name": "BNB09"}}, {"type": "Feature", "geometry": {"type": "Point", "coordinates": [-117.93426, 33.61834]}, "properties": {"county": "Orange", "beach_name": "Newport Bay", "station_name": "BNB10"}}, {"type": "Feature", "geometry": {"type": "Point", "coordinates": [-117.93092, 33.61614]}, "properties": {"county": "Orange", "beach_name": "Newport Bay", "station_name": "BNB11"}}, {"type": "Feature", "geometry": {"type": "Point", "coordinates": [-117.92689, 33.6152]}, "properties": {"county": "Orange", "beach_name": "Newport Bay", "station_name": "BNB12"}}, {"type": "Feature", "geometry": {"type": "Point", "coordinates": [-117.92571, 33.60898]}, "properties": {"county": "Orange", "beach_name": "Newport Bay", "station_name": "BNB14"}}, {"type": "Feature", "geometry": {"type": "Point", "coordinates": [-117.92035, 33.60838]}, "properties": {"county": "Orange", "beach_name": "Newport Bay", "station_name": "BNB15"}}, {"type": "Feature", "geometry": {"type": "Point", "coordinates": [-117.91278, 33.60637]}, "properties": {"county": "Orange", "beach_name": "Newport Bay", "station_name": "BNB17"}}, {"type": "Feature", "geometry": {"type": "Point", "coordinates": [-117.9037, 33.60556]}, "properties": {"county": "Orange", "beach_name": "Newport Bay", "station_name": "BNB18"}}, {"type": "Feature", "geometry": {"type": "Point", "coordinates": [-117.89332, 33.60419]}, "properties": {"county": "Orange", "beach_name": "Newport Bay", "station_name": "BNB20"}}, {"type": "Feature", "geometry": {"type": "Point", "coordinates": [-117.88799, 33.60415]}, "properties": {"county": "Orange", "beach_name": "Newport Bay", "station_name": "BNB21"}}, {"type": "Feature", "geometry": {"type": "Point", "coordinates": [-117.88257, 33.59875]}, "properties": {"county": "Orange", "beach_name": "Newport Bay", "station_name": "BNB22"}}, {"type": "Feature", "geometry": {"type": "Point", "coordinates": [-117.89215, 33.61595]}, "properties": {"county": "Orange", "beach_name": "Newport Bay", "station_name": "BNB24E"}}, {"type": "Feature", "geometry": {"type": "Point", "coordinates": [-117.89376, 33.61515]}, "properties": {"county": "Orange", "beach_name": "Newport Bay", "station_name": "BNB24M"}}, {"type": "Feature", "geometry": {"type": "Point", "coordinates": [-117.89194, 33.61786]}, "properties": {"county": "Orange", "beach_name": "Newport Bay", "station_name": "BNB24N"}}, {"type": "Feature", "geometry": {"type": "Point", "coordinates": [-117.89459, 33.6153]}, "properties": {"county": "Orange", "beach_name": "Newport Bay", "station_name": "BNB24W"}}, {"type": "Feature", "geometry": {"type": "Point", "coordinates": [-117.8933333, 33.62455]}, "properties": {"county": "Orange", "beach_name": "Newport Bay", "station_name": "BNB28"}}, {"type": "Feature", "geometry": {"type": "Point", "coordinates": [-117.89902, 33.61327]}, "properties": {"county": "Orange", "beach_name": "Newport Bay", "station_name": "BNB29"}}, {"type": "Feature", "geometry": {"type": "Point", "coordinates": [-117.90402, 33.61711]}, "properties": {"county": "Orange", "beach_name": "Newport Bay", "station_name": "BNB30"}}, {"type": "Feature", "geometry": {"type": "Point", "coordinates": [-117.89939, 33.60639]}, "properties": {"county": "Orange", "beach_name": "Newport Bay", "station_name": "BNB31"}}, {"type": "Feature", "geometry": {"type": "Point", "coordinates": [-117.91425, 33.60976]}, "properties": {"county": "Orange", "beach_name": "Newport Bay", "station_name": "BNB32"}}, {"type": "Feature", "geometry": {"type": "Point", "coordinates": [-117.8828, 33.60226]}, "properties": {"county": "Orange", "beach_name": "Newport Bay", "station_name": "BNB33"}}, {"type": "Feature", "geometry": {"type": "Point", "coordinates": [-117.88877, 33.60576]}, "properties": {"county": "Orange", "beach_name": "Newport Bay", "station_name": "BNB34"}}, {"type": "Feature", "geometry": {"type": "Point", "coordinates": [-117.9286667, 33.6203]}, "properties": {"county": "Orange", "beach_name": "Newport Bay", "station_name": "BNB35"}}, {"type": "Feature", "geometry": {"type": "Point", "coordinates": [-117.92425, 33.60563]}, "properties": {"county": "Orange", "beach_name": "Newport Beach", "station_name": "15S"}}, {"type": "Feature", "geometry": {"type": "Point", "coordinates": [-117.90283, 33.6009]}, "properties": {"county": "Orange", "beach_name": "Newport Beach", "station_name": "21S"}}, {"type": "Feature", "geometry": {"type": "Point", "coordinates": [-117.88161, 33.59426]}, "properties": {"county": "Orange", "beach_name": "Newport Beach", "station_name": "27S"}}, {"type": "Feature", "geometry": {"type": "Point", "coordinates": [-117.87556, 33.59315]}, "properties": {"county": "Orange", "beach_name": "Newport Beach", "station_name": "29S"}}, {"type": "Feature", "geometry": {"type": "Point", "coordinates": [-117.95384, 33.6265]}, "properties": {"county": "Orange", "beach_name": "Newport Beach", "station_name": "3S"}}, {"type": "Feature", "geometry": {"type": "Point", "coordinates": [-117.94431, 33.62222]}, "properties": {"county": "Orange", "beach_name": "Newport Beach", "station_name": "6S"}}, {"type": "Feature", "geometry": {"type": "Point", "coordinates": [-117.93684, 33.61665]}, "properties": {"county": "Orange", "beach_name": "Newport Beach", "station_name": "9S"}}, {"type": "Feature", "geometry": {"type": "Point", "coordinates": [-117.86869, 33.58982]}, "properties": {"county": "Orange", "beach_name": "Newport Beach", "station_name": "BGCD"}}, {"type": "Feature", "geometry": {"type": "Point", "coordinates": [-117.86833, 33.59]}, "properties": {"county": "Orange", "beach_name": "Newport Beach", "station_name": "BGCU"}}, {"type": "Feature", "geometry": {"type": "Point", "coordinates": [-117.94732, 33.62741]}, "properties": {"county": "Orange", "beach_name": "Newport Slough", "station_name": "BNS01"}}, {"type": "Feature", "geometry": {"type": "Point", "coordinates": [-117.95287, 33.62977]}, "properties": {"county": "Orange", "beach_name": "Newport Slough", "station_name": "BNS02"}}, {"type": "Feature", "geometry": {"type": "Point", "coordinates": [-117.64559, 33.44059]}, "properties": {"county": "Orange", "beach_name": "Poche County Beach", "station_name": "POCHEZ"}}, {"type": "Feature", "geometry": {"type": "Point", "coordinates": [-117.64636, 33.44125]}, "properties": {"county": "Orange", "beach_name": "Poche County Beach", "station_name": "S-15"}}, {"type": "Feature", "geometry": {"type": "Point", "coordinates": [-117.628383, 33.427066]}, "properties": {"county": "Orange", "beach_name": "San Clemente City Beach", "station_name": "ELPORTALZ"}}, {"type": "Feature", "geometry": {"type": "Point", "coordinates": [-117.62372, 33.42261]}, "properties": {"county": "Orange", "beach_name": "San Clemente City Beach", "station_name": "LINDALZ"}}, {"type": "Feature", "geometry": {"type": "Point", "coordinates": [-117.62558, 33.4241]}, "properties": {"county": "Orange", "beach_name": "San Clemente City Beach", "station_name": "MARIPOZ"}}, {"type": "Feature", "geometry": {"type": "Point", "coordinates": [-117.63287, 33.43147]}, "properties": {"county": "Orange", "beach_name": "San Clemente City Beach", "station_name": "PICOZ"}}, {"type": "Feature", "geometry": {"type": "Point", "coordinates": [-117.62059, 33.4193]}, "properties": {"county": "Orange", "beach_name": "San Clemente City Beach", "station_name": "PIERZ"}}, {"type": "Feature", "geometry": {"type": "Point", "coordinates": [-117.60979, 33.40814]}, "properties": {"county": "Orange", "beach_name": "San Clemente City Beach", "station_name": "RIVERAZ"}}, {"type": "Feature", "geometry": {"type": "Point", "coordinates": [-117.63183, 33.43065]}, "properties": {"county": "Orange", "beach_name": "San Clemente City Beach", "station_name": "S-17"}}, {"type": "Feature", "geometry": {"type": "Point", "coordinates": [-117.62134, 33.42074]}, "properties": {"county": "Orange", "beach_name": "San Clemente City Beach", "station_name": "S-19"}}, {"type": "Feature", "geometry": {"type": "Point", "coordinates": [-117.622351, 33.422174]}, "properties": {"county": "Orange", "beach_name": "San Clemente City Beach", "station_name": "SLINDALZ"}}, {"type": "Feature", "geometry": {"type": "Point", "coordinates": [-117.61893, 33.41735]}, "properties": {"county": "Orange", "beach_name": "San Clemente City Beach", "station_name": "TRFCYNZ"}}, {"type": "Feature", "geometry": {"type": "Point", "coordinates": [-117.60689, 33.40515]}, "properties": {"county": "Orange", "beach_name": "San Clemente State Beach", "station_name": "S-21"}}, {"type": "Feature", "geometry": {"type": "Point", "coordinates": [-117.60024, 33.3958]}, "properties": {"county": "Orange", "beach_name": "San Clemente State Beach", "station_name": "S-23"}}, {"type": "Feature", "geometry": {"type": "Point", "coordinates": [-118.08357, 33.72719]}, "properties": {"county": "Orange", "beach_name": "Seal Beach Surfside", "station_name": "OSB01"}}, {"type": "Feature", "geometry": {"type": "Point", "coordinates": [-118.11548, 33.74003]}, "properties": {"county": "Orange", "beach_name": "Seal Beach Surfside", "station_name": "OSB02"}}, {"type": "Feature", "geometry": {"type": "Point", "coordinates": [-118.10789, 33.73877]}, "properties": {"county": "Orange", "beach_name": "Seal Beach Surfside", "station_name": "OSB03"}}, {"type": "Feature", "geometry": {"type": "Point", "coordinates": [-118.10214, 33.73664]}, "properties": {"county": "Orange", "beach_name": "Seal Beach Surfside", "station_name": "OSB04"}}, {"type": "Feature", "geometry": {"type": "Point", "coordinates": [-118.10628, 33.73779]}, "properties": {"county": "Orange", "beach_name": "Seal Beach Surfside", "station_name": "OSB05"}}, {"type": "Feature", "geometry": {"type": "Point", "coordinates": [-117.74504, 33.50051]}, "properties": {"county": "Orange", "beach_name": "South Laguna Beach", "station_name": "S5"}}, {"type": "Feature", "geometry": {"type": "Point", "coordinates": [-118.07235, 33.71643]}, "properties": {"county": "Orange", "beach_name": "Sunset County Beach", "station_name": "OSUB1"}}, {"type": "Feature", "geometry": {"type": "Point", "coordinates": [-117.0973, 32.4191]}, "properties": {"county": "San Diego", "beach_name": "Baja California, MEXICO", "station_name": "BC-010"}}, {"type": "Feature", "geometry": {"type": "Point", "coordinates": [-117.123, 32.4987]}, "properties": {"county": "San Diego", "beach_name": "Baja California, MEXICO", "station_name": "BC-020"}}, {"type": "Feature", "geometry": {"type": "Point", "coordinates": [-117.124, 32.5257]}, "properties": {"county": "San Diego", "beach_name": "Baja California, MEXICO", "station_name": "BC-030"}}, {"type": "Feature", "geometry": {"type": "Point", "coordinates": [-117.1243, 32.53595]}, "properties": {"county": "San Diego", "beach_name": "Border Field State Park", "station_name": "IB-010"}}, {"type": "Feature", "geometry": {"type": "Point", "coordinates": [-117.125227806, 32.543409572]}, "properties": {"county": "San Diego", "beach_name": "Border Field State Park", "station_name": "IB-020"}}, {"type": "Feature", "geometry": {"type": "Point", "coordinates": [-117.3696, 33.1765]}, "properties": {"county": "San Diego", "beach_name": "Buccaneer Beach", "station_name": "OC-022"}}, {"type": "Feature", "geometry": {"type": "Point", "coordinates": [-117.3708564, 33.177814074]}, "properties": {"county": "San Diego", "beach_name": "Buccaneer Beach", "station_name": "OC-030"}}, {"type": "Feature", "geometry": {"type": "Point", "coordinates": [-117.278388, 33.001319]}, "properties": {"county": "San Diego", "beach_name": "Cardiff State Beach", "station_name": "SE-030"}}, {"type": "Feature", "geometry": {"type": "Point", "coordinates": [-117.278472, 33.005833]}, "properties": {"county": "San Diego", "beach_name": "Cardiff State Beach", "station_name": "SE-040"}}, {"type": "Feature", "geometry": {"type": "Point", "coordinates": [-117.2803, 33.0118911]}, "properties": {"county": "San Diego", "beach_name": "Cardiff State Beach", "station_name": "SE-050"}}, {"type": "Feature", "geometry": {"type": "Point", "coordinates": [-117.281912465, 33.0157]}, "properties": {"county": "San Diego", "beach_name": "Cardiff State Beach", "station_name": "SE-060"}}, {"type": "Feature", "geometry": {"type": "Point", "coordinates": [-117.3514, 33.1554]}, "properties": {"county": "San Diego", "beach_name": "Carlsbad municipal beach", "station_name": "EH-470"}}, {"type": "Feature", "geometry": {"type": "Point", "coordinates": [-117.3591, 33.1644]}, "properties": {"county": "San Diego", "beach_name": "Carlsbad municipal beach", "station_name": "EH-480"}}, {"type": "Feature", "geometry": {"type": "Point", "coordinates": [-117.3451, 33.1454]}, "properties": {"county": "San Diego", "beach_name": "Carlsbad State Beach", "station_name": "EH-460"}}, {"type": "Feature", "geometry": {"type": "Point", "coordinates": [-117.278373, 32.847921]}, "properties": {"county": "San Diego", "beach_name": "Childrens Pool", "station_name": "EH-311"}}, {"type": "Feature", "geometry": {"type": "Point", "coordinates": [-117.18526, 32.68184]}, "properties": {"county": "San Diego", "beach_name": "Coronado City beaches", "station_name": "EH-050"}}, {"type": "Feature", "geometry": {"type": "Point", "coordinates": [-117.1723, 32.674066]}, "properties": {"county": "San Diego", "beach_name": "Coronado City beaches", "station_name": "IB-079"}}, {"type": "Feature", "geometry": {"type": "Point", "coordinates": [-117.17727, 32.6775]}, "properties": {"county": "San Diego", "beach_name": "Coronado City beaches", "station_name": "IB-080"}}, {"type": "Feature", "geometry": {"type": "Point", "coordinates": [-117.194319, 32.685586]}, "properties": {"county": "San Diego", "beach_name": "Coronado north beach", "station_name": "EH-060"}}, {"type": "Feature", "geometry": {"type": "Point", "coordinates": [-117.253576204, 32.7561]}, "properties": {"county": "San Diego", "beach_name": "Dog Beach, O.B.", "station_name": "FM-010"}}, {"type": "Feature", "geometry": {"type": "Point", "coordinates": [-117.392202744, 33.201559515]}, "properties": {"county": "San Diego", "beach_name": "Harbor Beach", "station_name": "OC-100"}}, {"type": "Feature", "geometry": {"type": "Point", "coordinates": [-117.3941, 33.2044]}, "properties": {"county": "San Diego", "beach_name": "Harbor Beach", "station_name": "OC-110"}}, {"type": "Feature", "geometry": {"type": "Point", "coordinates": [-117.133201012, 32.572665227]}, "properties": {"county": "San Diego", "beach_name": "Imperial Beach municipal beach, other", "station_name": "EH-010"}}, {"type": "Feature", "geometry": {"type": "Point", "coordinates": [-117.133205028, 32.566577296]}, "properties": {"county": "San Diego", "beach_name": "Imperial Beach municipal beach, other", "station_name": "IB-050"}}, {"type": "Feature", "geometry": {"type": "Point", "coordinates": [-117.133186, 32.57875]}, "properties": {"county": "San Diego", "beach_name": "Imperial Beach pier area", "station_name": "EH-030"}}, {"type": "Feature", "geometry": {"type": "Point", "coordinates": [-117.2727, 32.85045]}, "properties": {"county": "San Diego", "beach_name": "La Jolla Cove", "station_name": "FM-070"}}, {"type": "Feature", "geometry": {"type": "Point", "coordinates": [-117.2581, 32.8556]}, "properties": {"county": "San Diego", "beach_name": "La Jolla Shores Beach", "station_name": "EH-320"}}, {"type": "Feature", "geometry": {"type": "Point", "coordinates": [-117.256, 32.859]}, "properties": {"county": "San Diego", "beach_name": "La Jolla Shores Beach", "station_name": "EH-330"}}, {"type": "Feature", "geometry": {"type": "Point", "coordinates": [-117.2547, 32.863]}, "properties": {"county": "San Diego", "beach_name": "La Jolla Shores Beach", "station_name": "EH-340"}}, {"type": "Feature", "geometry": {"type": "Point", "coordinates": [-117.2598, 32.8548]}, "properties": {"county": "San Diego", "beach_name": "La Jolla Shores Beach", "station_name": "FM-080"}}, {"type": "Feature", "geometry": {"type": "Point", "coordinates": [-117.25508, 32.86353]}, "properties": {"county": "San Diego", "beach_name": "La Jolla Shores Beach", "station_name": "SI-010"}}, {"type": "Feature", "geometry": {"type": "Point", "coordinates": [-117.2546, 32.86548]}, "properties": {"county": "San Diego", "beach_name": "La Jolla Shores Beach", "station_name": "SI-020"}}, {"type": "Feature", "geometry": {"type": "Point", "coordinates": [-117.25413, 32.86768]}, "properties": {"county": "San Diego", "beach_name": "La Jolla Shores Beach", "station_name": "SI-030"}}, {"type": "Feature", "geometry": {"type": "Point", "coordinates": [-117.2815, 32.8341]}, "properties": {"county": "San Diego", "beach_name": "Marine Street Beach", "station_name": "EH-290"}}, {"type": "Feature", "geometry": {"type": "Point", "coordinates": [-117.216636, 32.777266]}, "properties": {"county": "San Diego", "beach_name": "Mission Bay", "station_name": "MB-015"}}, {"type": "Feature", "geometry": {"type": "Point", "coordinates": [-117.210759, 32.776368]}, "properties": {"county": "San Diego", "beach_name": "Mission Bay", "station_name": "MB-047"}}, {"type": "Feature", "geometry": {"type": "Point", "coordinates": [-117.217833, 32.78847]}, "properties": {"county": "San Diego", "beach_name": "Mission Bay", "station_name": "MB-085"}}, {"type": "Feature", "geometry": {"type": "Point", "coordinates": [-117.2325, 32.7823]}, "properties": {"county": "San Diego", "beach_name": "Mission Bay", "station_name": "MB-100"}}, {"type": "Feature", "geometry": {"type": "Point", "coordinates": [-117.247827, 32.760746]}, "properties": {"county": "San Diego", "beach_name": "Mission Bay", "station_name": "MB-226"}}, {"type": "Feature", "geometry": {"type": "Point", "coordinates": [-117.2213, 32.7949]}, "properties": {"county": "San Diego", "beach_name": "Mission Bay, Campland On The Bay", "station_name": "MB-080"}}, {"type": "Feature", "geometry": {"type": "Point", "coordinates": [-117.2119, 32.7969]}, "properties": {"county": "San Diego", "beach_name": "Mission Bay, De Anza Cove", "station_name": "MB-070"}}, {"type": "Feature", "geometry": {"type": "Point", "coordinates": [-117.2443, 32.7908]}, "properties": {"county": "San Diego", "beach_name": "Mission Bay, Fanuel Park", "station_name": "MB-120"}}, {"type": "Feature", "geometry": {"type": "Point", "coordinates": [-117.209331, 32.784102]}, "properties": {"county": "San Diego", "beach_name": "Mission Bay, Leisure Lagoon", "station_name": "MB-053"}}, {"type": "Feature", "geometry": {"type": "Point", "coordinates": [-117.2489, 32.7692]}, "properties": {"county": "San Diego", "beach_name": "Mission Bay, Mariners Basin", "station_name": "MB-170"}}, {"type": "Feature", "geometry": {"type": "Point", "coordinates": [-117.251, 32.7832]}, "properties": {"county": "San Diego", "beach_name": "Mission Bay, Sail Bay", "station_name": "MB-131"}}, {"type": "Feature", "geometry": {"type": "Point", "coordinates": [-117.2327, 32.7741]}, "properties": {"county": "San Diego", "beach_name": "Mission Bay, Vacation Isle", "station_name": "MB-203"}}, {"type": "Feature", "geometry": {"type": "Point", "coordinates": [-117.2382, 32.77605]}, "properties": {"county": "San Diego", "beach_name": "Mission Bay, Vacation Isle", "station_name": "MB-205"}}, {"type": "Feature", "geometry": {"type": "Point", "coordinates": [-117.24468, 32.77088]}, "properties": {"county": "San Diego", "beach_name": "Mission Bay, Ventura Cove", "station_name": "MB-223"}}, {"type": "Feature", "geometry": {"type": "Point", "coordinates": [-117.254057, 32.75968]}, "properties": {"county": "San Diego", "beach_name": "Mission Beach", "station_name": "MB-115"}}, {"type": "Feature", "geometry": {"type": "Point", "coordinates": [-117.253558792, 32.771314863]}, "properties": {"county": "San Diego", "beach_name": "Mission Beach", "station_name": "PL-120"}}, {"type": "Feature", "geometry": {"type": "Point", "coordinates": [-117.2989, 33.0481]}, "properties": {"county": "San Diego", "beach_name": "Moonlight Beach", "station_name": "EH-420"}}, {"type": "Feature", "geometry": {"type": "Point", "coordinates": [-117.299, 33.0485]}, "properties": {"county": "San Diego", "beach_name": "Moonlight Beach", "station_name": "EH-420A"}}, {"type": "Feature", "geometry": {"type": "Point", "coordinates": [-117.299, 33.048]}, "properties": {"county": "San Diego", "beach_name": "Moonlight Beach", "station_name": "EH-420B"}}, {"type": "Feature", "geometry": {"type": "Point", "coordinates": [-117.2432, 32.6653]}, "properties": {"county": "San Diego", "beach_name": "non-accessible or restricted access shoreline on Pt. Loma", "station_name": "PL-040"}}, {"type": "Feature", "geometry": {"type": "Point", "coordinates": [-117.2488, 32.680475616]}, "properties": {"county": "San Diego", "beach_name": "non-accessible or restricted access shoreline on Pt. Loma", "station_name": "PL-050"}}, {"type": "Feature", "geometry": {"type": "Point", "coordinates": [117.596, 33.3869]}, "properties": {"county": "San Diego", "beach_name": "north county beaches", "station_name": "Northern_SanDiego_County_Beaches"}}, {"type": "Feature", "geometry": {"type": "Point", "coordinates": [-117.133049366, 32.585678574]}, "properties": {"county": "San Diego", "beach_name": "north Imperial Beach", "station_name": "IB-060"}}, {"type": "Feature", "geometry": {"type": "Point", "coordinates": [-117.25533, 32.737]}, "properties": {"county": "San Diego", "beach_name": "Ocean Beach", "station_name": "PL-080"}}, {"type": "Feature", "geometry": {"type": "Point", "coordinates": [-117.254989, 32.739448]}, "properties": {"county": "San Diego", "beach_name": "Ocean Beach", "station_name": "PL-082"}}, {"type": "Feature", "geometry": {"type": "Point", "coordinates": [-117.254942461, 32.746736106]}, "properties": {"county": "San Diego", "beach_name": "Ocean Beach", "station_name": "PL-090"}}, {"type": "Feature", "geometry": {"type": "Point", "coordinates": [-117.253271417, 32.7491121]}, "properties": {"county": "San Diego", "beach_name": "Ocean Beach", "station_name": "PL-100"}}, {"type": "Feature", "geometry": {"type": "Point", "coordinates": [-117.25301431, 32.753911912]}, "properties": {"county": "San Diego", "beach_name": "Ocean Beach", "station_name": "PL-110"}}, {"type": "Feature", "geometry": {"type": "Point", "coordinates": [-117.25511, 32.739]}, "properties": {"county": "San Diego", "beach_name": "Ocean Beach", "station_name": "PL-181"}}, {"type": "Feature", "geometry": {"type": "Point", "coordinates": [-117.359991, 33.165614]}, "properties": {"county": "San Diego", "beach_name": "Oceanside municipal beach, other", "station_name": "OC-010"}}, {"type": "Feature", "geometry": {"type": "Point", "coordinates": [-117.366051164, 33.172928508]}, "properties": {"county": "San Diego", "beach_name": "Oceanside municipal beach, other", "station_name": "OC-020"}}, {"type": "Feature", "geometry": {"type": "Point", "coordinates": [-117.374571149, 33.182386087]}, "properties": {"county": "San Diego", "beach_name": "Oceanside municipal beach, other", "station_name": "OC-040"}}, {"type": "Feature", "geometry": {"type": "Point", "coordinates": [-117.381868469, 33.190325855]}, "properties": {"county": "San Diego", "beach_name": "Oceanside municipal beach, other", "station_name": "OC-050"}}, {"type": "Feature", "geometry": {"type": "Point", "coordinates": [-117.3843, 33.1937]}, "properties": {"county": "San Diego", "beach_name": "Oceanside municipal beach, other", "station_name": "OC-080"}}, {"type": "Feature", "geometry": {"type": "Point", "coordinates": [-117.2562, 32.7945]}, "properties": {"county": "San Diego", "beach_name": "Pacific Beach", "station_name": "EH-250"}}, {"type": "Feature", "geometry": {"type": "Point", "coordinates": [-117.259444, 32.801389]}, "properties": {"county": "San Diego", "beach_name": "Pacific Beach", "station_name": "EH-254"}}, {"type": "Feature", "geometry": {"type": "Point", "coordinates": [-117.258353, 32.798919]}, "properties": {"county": "San Diego", "beach_name": "Pacific Beach", "station_name": "EH-570"}}, {"type": "Feature", "geometry": {"type": "Point", "coordinates": [-117.259625, 32.801575]}, "properties": {"county": "San Diego", "beach_name": "Pacific Beach", "station_name": "EH-571"}}, {"type": "Feature", "geometry": {"type": "Point", "coordinates": [-117.256673, 32.795339]}, "properties": {"county": "San Diego", "beach_name": "Pacific Beach", "station_name": "EH-572"}}, {"type": "Feature", "geometry": {"type": "Point", "coordinates": [-117.26144, 32.804155]}, "properties": {"county": "San Diego", "beach_name": "Pacific Beach", "station_name": "EH-573"}}, {"type": "Feature", "geometry": {"type": "Point", "coordinates": [-117.2573, 32.7961]}, "properties": {"county": "San Diego", "beach_name": "Pacific Beach", "station_name": "FM-020"}}, {"type": "Feature", "geometry": {"type": "Point", "coordinates": [-117.268555777, 32.96]}, "properties": {"county": "San Diego", "beach_name": "Powerhouse Park 15th Street", "station_name": "EH-360"}}, {"type": "Feature", "geometry": {"type": "Point", "coordinates": [-117.164403749, 32.69012298]}, "properties": {"county": "San Diego", "beach_name": "San Diego Bay", "station_name": "EH-070"}}, {"type": "Feature", "geometry": {"type": "Point", "coordinates": [-117.16818134, 32.675214456]}, "properties": {"county": "San Diego", "beach_name": "San Diego Bay", "station_name": "EH-080"}}, {"type": "Feature", "geometry": {"type": "Point", "coordinates": [-117.1411, 32.63631]}, "properties": {"county": "San Diego", "beach_name": "San Diego Bay", "station_name": "EH-090"}}, {"type": "Feature", "geometry": {"type": "Point", "coordinates": [-117.108093878, 32.628801978]}, "properties": {"county": "San Diego", "beach_name": "San Diego Bay", "station_name": "EH-120"}}, {"type": "Feature", "geometry": {"type": "Point", "coordinates": [-117.224159725, 32.714767645]}, "properties": {"county": "San Diego", "beach_name": "San Diego Bay", "station_name": "EH-200"}}, {"type": "Feature", "geometry": {"type": "Point", "coordinates": [-117.23678, 32.70921]}, "properties": {"county": "San Diego", "beach_name": "San Diego Bay", "station_name": "EH-210"}}, {"type": "Feature", "geometry": {"type": "Point", "coordinates": [-117.236837, 32.709209]}, "properties": {"county": "San Diego", "beach_name": "San Diego Bay", "station_name": "EH-211"}}, {"type": "Feature", "geometry": {"type": "Point", "coordinates": [-117.1144868, 32.6390999]}, "properties": {"county": "San Diego", "beach_name": "San Diego Bay", "station_name": "EH-568"}}, {"type": "Feature", "geometry": {"type": "Point", "coordinates": [-117.1194895, 32.6478557]}, "properties": {"county": "San Diego", "beach_name": "San Diego Bay", "station_name": "EH-569"}}, {"type": "Feature", "geometry": {"type": "Point", "coordinates": [-117.270605452, 32.9753]}, "properties": {"county": "San Diego", "beach_name": "San Dieguito River Beach", "station_name": "EH-380"}}, {"type": "Feature", "geometry": {"type": "Point", "coordinates": [-117.2889, 33.0283]}, "properties": {"county": "San Diego", "beach_name": "San Elijo State Beach", "station_name": "EH-400"}}, {"type": "Feature", "geometry": {"type": "Point", "coordinates": [-117.2842, 33.019055]}, "properties": {"county": "San Diego", "beach_name": "San Elijo State Beach", "station_name": "SE-070"}}, {"type": "Feature", "geometry": {"type": "Point", "coordinates": [-117.5952, 33.3855]}, "properties": {"county": "San Diego", "beach_name": "San Onofre State Beach", "station_name": "EH-520"}}, {"type": "Feature", "geometry": {"type": "Point", "coordinates": [-117.139424, 32.626401]}, "properties": {"county": "San Diego", "beach_name": "Silver Strand State Beach", "station_name": "IB-068"}}, {"type": "Feature", "geometry": {"type": "Point", "coordinates": [-117.141885, 32.631769]}, "properties": {"county": "San Diego", "beach_name": "Silver Strand State Beach", "station_name": "IB-069"}}, {"type": "Feature", "geometry": {"type": "Point", "coordinates": [-117.14317, 32.6358]}, "properties": {"county": "San Diego", "beach_name": "Silver Strand State Beach", "station_name": "IB-070"}}, {"type": "Feature", "geometry": {"type": "Point", "coordinates": [-117.27319855, 32.98210361]}, "properties": {"county": "San Diego", "beach_name": "Solana Beach City Beaches", "station_name": "EH-395"}}, {"type": "Feature", "geometry": {"type": "Point", "coordinates": [-117.274819, 32.991319]}, "properties": {"county": "San Diego", "beach_name": "Solana Beach City Beaches", "station_name": "SE-010"}}, {"type": "Feature", "geometry": {"type": "Point", "coordinates": [-117.276194, 32.996569]}, "properties": {"county": "San Diego", "beach_name": "Solana Beach City Beaches", "station_name": "SE-020"}}, {"type": "Feature", "geometry": {"type": "Point", "coordinates": [-117.313433196, 33.0866]}, "properties": {"county": "San Diego", "beach_name": "South Carlsbad State Beach", "station_name": "EH-440"}}, {"type": "Feature", "geometry": {"type": "Point", "coordinates": [-117.3194, 33.10061]}, "properties": {"county": "San Diego", "beach_name": "South Carlsbad State Beach", "station_name": "EN-010"}}, {"type": "Feature", "geometry": {"type": "Point", "coordinates": [-117.321583, 33.106306]}, "properties": {"county": "San Diego", "beach_name": "South Carlsbad State Beach", "station_name": "EN-020"}}, {"type": "Feature", "geometry": {"type": "Point", "coordinates": [-117.3255, 33.11572]}, "properties": {"county": "San Diego", "beach_name": "South Carlsbad State Beach", "station_name": "EN-030"}}, {"type": "Feature", "geometry": {"type": "Point", "coordinates": [-117.327111, 33.119222]}, "properties": {"county": "San Diego", "beach_name": "South Carlsbad State Beach", "station_name": "EN-040"}}, {"type": "Feature", "geometry": {"type": "Point", "coordinates": [-117.333806, 33.1285]}, "properties": {"county": "San Diego", "beach_name": "South Carlsbad State Beach", "station_name": "EN-050"}}, {"type": "Feature", "geometry": {"type": "Point", "coordinates": [-117.278863, 32.8467]}, "properties": {"county": "San Diego", "beach_name": "South Casa Beach S.D.", "station_name": "EH-305"}}, {"type": "Feature", "geometry": {"type": "Point", "coordinates": [-117.2782, 32.8475]}, "properties": {"county": "San Diego", "beach_name": "South Casa Beach S.D.", "station_name": "EH-310"}}, {"type": "Feature", "geometry": {"type": "Point", "coordinates": [-117.256944364, 32.719325627]}, "properties": {"county": "San Diego", "beach_name": "Sunset Cliffs Park", "station_name": "PL-070"}}, {"type": "Feature", "geometry": {"type": "Point", "coordinates": [-117.2931, 33.0344]}, "properties": {"county": "San Diego", "beach_name": "Swami's Park", "station_name": "EH-410"}}, {"type": "Feature", "geometry": {"type": "Point", "coordinates": [-117.21, 32.7732]}, "properties": {"county": "San Diego", "beach_name": "Tecolote Shores", "station_name": "MB-041"}}, {"type": "Feature", "geometry": {"type": "Point", "coordinates": [-117.129323, 32.555139]}, "properties": {"county": "San Diego", "beach_name": "Tijuana Slough National Wildlife Refuge", "station_name": "IB-030"}}, {"type": "Feature", "geometry": {"type": "Point", "coordinates": [-117.132590456, 32.562869026]}, "properties": {"county": "San Diego", "beach_name": "Tijuana Slough National Wildlife Refuge", "station_name": "IB-040"}}, {"type": "Feature", "geometry": {"type": "Point", "coordinates": [-117.261955166, 32.9345]}, "properties": {"county": "San Diego", "beach_name": "Torrey Pines State Beach", "station_name": "FM-100"}}, {"type": "Feature", "geometry": {"type": "Point", "coordinates": [-117.2628, 32.805]}, "properties": {"county": "San Diego", "beach_name": "Tourmaline Surfing Park", "station_name": "FM-030"}}, {"type": "Feature", "geometry": {"type": "Point", "coordinates": [-117.5785, 33.3805]}, "properties": {"county": "San Diego", "beach_name": "USMC Camp Pendleton", "station_name": "EH-510"}}, {"type": "Feature", "geometry": {"type": "Point", "coordinates": [-117.281998, 32.839387]}, "properties": {"county": "San Diego", "beach_name": "Whispering Sands  Nicholson Pt.", "station_name": "EH-300"}}, {"type": "Feature", "geometry": {"type": "Point", "coordinates": [-117.2795, 32.8263]}, "properties": {"county": "San Diego", "beach_name": "WindanSea Beach", "station_name": "EH-260"}}, {"type": "Feature", "geometry": {"type": "Point", "coordinates": [-117.2805, 32.8294]}, "properties": {"county": "San Diego", "beach_name": "WindanSea Beach", "station_name": "EH-280"}}, {"type": "Feature", "geometry": {"type": "Point", "coordinates": [-117.2807, 32.8299]}, "properties": {"county": "San Diego", "beach_name": "WindanSea Beach", "station_name": "FM-050"}}, {"type": "Feature", "geometry": {"type": "Point", "coordinates": [-122.4212947, 37.80899]}, "properties": {"county": "San Francisco", "beach_name": "Aquatic Park", "station_name": "BAY#210.1_SL"}}, {"type": "Feature", "geometry": {"type": "Point", "coordinates": [-122.4221, 37.8078]}, "properties": {"county": "San Francisco", "beach_name": "Aquatic Park", "station_name": "BAY#211_SL"}}, {"type": "Feature", "geometry": {"type": "Point", "coordinates": [-122.484926, 37.7917]}, "properties": {"county": "San Francisco", "beach_name": "Baker Beach", "station_name": "OCEAN#15_SL"}}, {"type": "Feature", "geometry": {"type": "Point", "coordinates": [-122.48465, 37.79258]}, "properties": {"county": "San Francisco", "beach_name": "Baker Beach", "station_name": "OCEAN#15EAST_SL"}}, {"type": "Feature", "geometry": {"type": "Point", "coordinates": [-122.48741, 37.78977]}, "properties": {"county": "San Francisco", "beach_name": "Baker Beach", "station_name": "OCEAN#16_SL"}}, {"type": "Feature", "geometry": {"type": "Point", "coordinates": [-122.3899, 37.7096]}, "properties": {"county": "San Francisco", "beach_name": "Candlestick Point", "station_name": "BAY#300.1_SL"}}, {"type": "Feature", "geometry": {"type": "Point", "coordinates": [-122.3823, 37.70917]}, "properties": {"county": "San Francisco", "beach_name": "Candlestick Point", "station_name": "BAY#301.1_SL"}}, {"type": "Feature", "geometry": {"type": "Point", "coordinates": [-122.380136, 37.711025]}, "properties": {"county": "San Francisco", "beach_name": "Candlestick Point", "station_name": "BAY#301.2_SL"}}, {"type": "Feature", "geometry": {"type": "Point", "coordinates": [-122.49136, 37.78816]}, "properties": {"county": "San Francisco", "beach_name": "China Beach", "station_name": "OCEAN#17_SL"}}, {"type": "Feature", "geometry": {"type": "Point", "coordinates": [-122.386861, 37.763431]}, "properties": {"county": "San Francisco", "beach_name": "Crane Cove Park", "station_name": "BAY#230_SL"}}, {"type": "Feature", "geometry": {"type": "Point", "coordinates": [-122.4519, 37.8066]}, "properties": {"county": "San Francisco", "beach_name": "Crissy Field", "station_name": "BAY#202.4_SL"}}, {"type": "Feature", "geometry": {"type": "Point", "coordinates": [-122.4683, 37.8069]}, "properties": {"county": "San Francisco", "beach_name": "Crissy Field", "station_name": "BAY#202.5_SL"}}, {"type": "Feature", "geometry": {"type": "Point", "coordinates": [-122.38793, 37.74703]}, "properties": {"county": "San Francisco", "beach_name": "Islais Creek Channel", "station_name": "BAY#320_SL"}}, {"type": "Feature", "geometry": {"type": "Point", "coordinates": [-122.3967, 37.7719]}, "properties": {"county": "San Francisco", "beach_name": "Mission Bay Channel", "station_name": "BAY#220_SL"}}, {"type": "Feature", "geometry": {"type": "Point", "coordinates": [-122.51351, 37.77492]}, "properties": {"county": "San Francisco", "beach_name": "Ocean Beach", "station_name": "OCEAN#18_SL"}}, {"type": "Feature", "geometry": {"type": "Point", "coordinates": [-122.511, 37.7638]}, "properties": {"county": "San Francisco", "beach_name": "Ocean Beach", "station_name": "OCEAN#19_SL"}}, {"type": "Feature", "geometry": {"type": "Point", "coordinates": [-122.50996, 37.74891]}, "properties": {"county": "San Francisco", "beach_name": "Ocean Beach", "station_name": "OCEAN#20_SL"}}, {"type": "Feature", "geometry": {"type": "Point", "coordinates": [-122.50769, 37.73567]}, "properties": {"county": "San Francisco", "beach_name": "Ocean Beach", "station_name": "OCEAN#21.1_SL"}}, {"type": "Feature", "geometry": {"type": "Point", "coordinates": [-122.50825, 37.73782]}, "properties": {"county": "San Francisco", "beach_name": "Ocean Beach", "station_name": "OCEAN#21_SL"}}, {"type": "Feature", "geometry": {"type": "Point", "coordinates": [-122.50476, 37.71526]}, "properties": {"county": "San Francisco", "beach_name": "Ocean Beach", "station_name": "OCEAN#22_SL"}}, {"type": "Feature", "geometry": {"type": "Point", "coordinates": [-120.73785, 35.17845]}, "properties": {"county": "San Luis Obispo", "beach_name": "Avila Beach", "station_name": "AB10"}}, {"type": "Feature", "geometry": {"type": "Point", "coordinates": [-120.7328414, 35.17806]}, "properties": {"county": "San Luis Obispo", "beach_name": "Avila Beach", "station_name": "AB8"}}, {"type": "Feature", "geometry": {"type": "Point", "coordinates": [-120.7357546, 35.17846]}, "properties": {"county": "San Luis Obispo", "beach_name": "Avila Beach", "station_name": "AB9"}}, {"type": "Feature", "geometry": {"type": "Point", "coordinates": [-120.8876812, 35.4334]}, "properties": {"county": "San Luis Obispo", "beach_name": "Cayucos Beach", "station_name": "CAY13"}}, {"type": "Feature", "geometry": {"type": "Point", "coordinates": [-120.9055292, 35.44834]}, "properties": {"county": "San Luis Obispo", "beach_name": "Cayucos Beach", "station_name": "CAY14"}}, {"type": "Feature", "geometry": {"type": "Point", "coordinates": [-120.907087, 35.44884]}, "properties": {"county": "San Luis Obispo", "beach_name": "Cayucos Beach", "station_name": "CAY15"}}, {"type": "Feature", "geometry": {"type": "Point", "coordinates": [-120.90792, 35.44904]}, "properties": {"county": "San Luis Obispo", "beach_name": "Cayucos Beach", "station_name": "CAY16"}}, {"type": "Feature", "geometry": {"type": "Point", "coordinates": [-121.18897, 35.64288]}, "properties": {"county": "San Luis Obispo", "beach_name": "Hearst Memorial State Beach", "station_name": "HSB23"}}, {"type": "Feature", "geometry": {"type": "Point", "coordinates": [-120.8816936, 35.29028]}, "properties": {"county": "San Luis Obispo", "beach_name": "Montana De Oro", "station_name": "HAZ10"}}, {"type": "Feature", "geometry": {"type": "Point", "coordinates": [-120.8652582, 35.37164]}, "properties": {"county": "San Luis Obispo", "beach_name": "Morro Bay City Beach", "station_name": "MB11"}}, {"type": "Feature", "geometry": {"type": "Point", "coordinates": [-120.8645111, 35.37618]}, "properties": {"county": "San Luis Obispo", "beach_name": "Morro Bay City Beach", "station_name": "MB12"}}, {"type": "Feature", "geometry": {"type": "Point", "coordinates": [-120.8647187, 35.37834]}, "properties": {"county": "San Luis Obispo", "beach_name": "Morro Bay City Beach", "station_name": "MB13"}}, {"type": "Feature", "geometry": {"type": "Point", "coordinates": [-120.868249, 35.3986]}, "properties": {"county": "San Luis Obispo", "beach_name": "Morro Strand State Beach", "station_name": "MB14"}}, {"type": "Feature", "geometry": {"type": "Point", "coordinates": [-120.6312982, 35.10057]}, "properties": {"county": "San Luis Obispo", "beach_name": "Oceano Dunes State Rec Area", "station_name": "OCB11"}}, {"type": "Feature", "geometry": {"type": "Point", "coordinates": [-120.6319792, 35.10542]}, "properties": {"county": "San Luis Obispo", "beach_name": "Oceano Dunes State Rec Area", "station_name": "OCB12"}}, {"type": "Feature", "geometry": {"type": "Point", "coordinates": [-120.6324927, 35.10834]}, "properties": {"county": "San Luis Obispo", "beach_name": "Oceano Dunes State Rec Area", "station_name": "OCB13"}}, {"type": "Feature", "geometry": {"type": "Point", "coordinates": [-120.7489886, 35.17767]}, "properties": {"county": "San Luis Obispo", "beach_name": "Olde Port Beach", "station_name": "OLDE12"}}, {"type": "Feature", "geometry": {"type": "Point", "coordinates": [-120.6426598, 35.1359]}, "properties": {"county": "San Luis Obispo", "beach_name": "Pismo State Beach", "station_name": "PB3"}}, {"type": "Feature", "geometry": {"type": "Point", "coordinates": [-120.6440774, 35.13819]}, "properties": {"county": "San Luis Obispo", "beach_name": "Pismo State Beach", "station_name": "PB4"}}, {"type": "Feature", "geometry": {"type": "Point", "coordinates": [-120.6456298, 35.14104]}, "properties": {"county": "San Luis Obispo", "beach_name": "Pismo State Beach", "station_name": "PB5"}}, {"type": "Feature", "geometry": {"type": "Point", "coordinates": [-121.1476715, 35.61409]}, "properties": {"county": "San Luis Obispo", "beach_name": "San Simeon Beach", "station_name": "PICO23"}}, {"type": "Feature", "geometry": {"type": "Point", "coordinates": [-120.6936686, 35.16669]}, "properties": {"county": "San Luis Obispo", "beach_name": "Sewers", "station_name": "SEW7"}}, {"type": "Feature", "geometry": {"type": "Point", "coordinates": [-122.2911306, 37.56022]}, "properties": {"county": "San Mateo", "beach_name": "Aquatic Park", "station_name": "Aquatic Park"}}, {"type": "Feature", "geometry": {"type": "Point", "coordinates": [-122.4094, 37.22621]}, "properties": {"county": "San Mateo", "beach_name": "Bean Hollow State Beach", "station_name": "Bean Hollow Creek"}}, {"type": "Feature", "geometry": {"type": "Point", "coordinates": [-122.4091799, 37.22551]}, "properties": {"county": "San Mateo", "beach_name": "Bean Hollow State Beach", "station_name": "Bean Hollow State Beach"}}, {"type": "Feature", "geometry": {"type": "Point", "coordinates": [-122.328, 37.5893]}, "properties": {"county": "San Mateo", "beach_name": "Coyote Point County Park", "station_name": "Coyote Point County Park"}}, {"type": "Feature", "geometry": {"type": "Point", "coordinates": [-122.453, 37.4823]}, "properties": {"county": "San Mateo", "beach_name": "Dunes State Beach", "station_name": "Dunes State Beach"}}, {"type": "Feature", "geometry": {"type": "Point", "coordinates": [-122.26047, 37.56337]}, "properties": {"county": "San Mateo", "beach_name": "Erckenbrack Park, Foster City", "station_name": "Erckenbrack Park"}}, {"type": "Feature", "geometry": {"type": "Point", "coordinates": [-122.5177731, 37.5242]}, "properties": {"county": "San Mateo", "beach_name": "Fitzgerald Marine (Moss Beach)", "station_name": "Fitzgerald Marine (Moss Beach)"}}, {"type": "Feature", "geometry": {"type": "Point", "coordinates": [-122.4515, 37.4808]}, "properties": {"county": "San Mateo", "beach_name": "Fitzgerald Marine (Moss Beach)", "station_name": "Frenchmans Creek"}}, {"type": "Feature", "geometry": {"type": "Point", "coordinates": [-122.446792, 37.46721]}, "properties": {"county": "San Mateo", "beach_name": "Francis State Beach", "station_name": "Francis State Beach"}}, {"type": "Feature", "geometry": {"type": "Point", "coordinates": [-122.36263, 37.16455]}, "properties": {"county": "San Mateo", "beach_name": "Gazos Creek Access", "station_name": "Gazos Creek"}}, {"type": "Feature", "geometry": {"type": "Point", "coordinates": [-122.3630524, 37.16531]}, "properties": {"county": "San Mateo", "beach_name": "Gazos Creek Access", "station_name": "Gazos Creek Access"}}, {"type": "Feature", "geometry": {"type": "Point", "coordinates": [-122.26061, 37.56658]}, "properties": {"county": "San Mateo", "beach_name": "Gull Park, Foster City", "station_name": "Gull Park, Foster City"}}, {"type": "Feature", "geometry": {"type": "Point", "coordinates": [-122.279, 37.5717]}, "properties": {"county": "San Mateo", "beach_name": "Kiteboard Beach", "station_name": "Kiteboard Beach"}}, {"type": "Feature", "geometry": {"type": "Point", "coordinates": [-122.28582, 37.54965]}, "properties": {"county": "San Mateo", "beach_name": "Lakeshore Park", "station_name": "Lakeshore Park Rec Center"}}, {"type": "Feature", "geometry": {"type": "Point", "coordinates": [-122.254003, 37.558744]}, "properties": {"county": "San Mateo", "beach_name": "Marlin Park, Foster City", "station_name": "Marlin Park"}}, {"type": "Feature", "geometry": {"type": "Point", "coordinates": [-122.5153, 37.54834]}, "properties": {"county": "San Mateo", "beach_name": "Montara State Beach", "station_name": "Martini Creek"}}, {"type": "Feature", "geometry": {"type": "Point", "coordinates": [-122.51774, 37.52423]}, "properties": {"county": "San Mateo", "beach_name": "Montara State Beach", "station_name": "San Vicente Creek"}}, {"type": "Feature", "geometry": {"type": "Point", "coordinates": [-122.383, 37.6639]}, "properties": {"county": "San Mateo", "beach_name": "Oyster Point Marina", "station_name": "Oyster Point Marina"}}, {"type": "Feature", "geometry": {"type": "Point", "coordinates": [-122.505776, 37.596579]}, "properties": {"county": "San Mateo", "beach_name": "Pacifica State Beach", "station_name": "Linda Mar Beach #5"}}, {"type": "Feature", "geometry": {"type": "Point", "coordinates": [-122.504712, 37.597587]}, "properties": {"county": "San Mateo", "beach_name": "Pacifica State Beach", "station_name": "Linda Mar Beach #7"}}, {"type": "Feature", "geometry": {"type": "Point", "coordinates": [-122.505604, 37.596107]}, "properties": {"county": "San Mateo", "beach_name": "Pacifica State Beach", "station_name": "San Pedro Creek"}}, {"type": "Feature", "geometry": {"type": "Point", "coordinates": [-122.41133, 37.2659]}, "properties": {"county": "San Mateo", "beach_name": "Pescadero State Beach", "station_name": "Pescadero Creek"}}, {"type": "Feature", "geometry": {"type": "Point", "coordinates": [-122.4126758, 37.26696]}, "properties": {"county": "San Mateo", "beach_name": "Pescadero State Beach", "station_name": "Pescadero State Beach"}}, {"type": "Feature", "geometry": {"type": "Point", "coordinates": [-122.4857, 37.5037]}, "properties": {"county": "San Mateo", "beach_name": "Pillar Point Harbor", "station_name": "Pillar Point #5"}}, {"type": "Feature", "geometry": {"type": "Point", "coordinates": [-122.492821, 37.50207]}, "properties": {"county": "San Mateo", "beach_name": "Pillar Point Harbor", "station_name": "Pillar Point #7"}}, {"type": "Feature", "geometry": {"type": "Point", "coordinates": [-122.4958231, 37.50025]}, "properties": {"county": "San Mateo", "beach_name": "Pillar Point Harbor", "station_name": "Pillar Point #8"}}, {"type": "Feature", "geometry": {"type": "Point", "coordinates": [-122.4764, 37.5023]}, "properties": {"county": "San Mateo", "beach_name": "Pillar Point Harbor", "station_name": "Pillar Point #9"}}, {"type": "Feature", "geometry": {"type": "Point", "coordinates": [-122.4063, 37.29803]}, "properties": {"county": "San Mateo", "beach_name": "Pomponio State Beach", "station_name": "Pomponio Creek"}}, {"type": "Feature", "geometry": {"type": "Point", "coordinates": [-122.4063376, 37.29971]}, "properties": {"county": "San Mateo", "beach_name": "Pomponio State Beach", "station_name": "Pomponio State Beach"}}, {"type": "Feature", "geometry": {"type": "Point", "coordinates": [-122.49651, 37.611865]}, "properties": {"county": "San Mateo", "beach_name": "Rockaway Beach", "station_name": "Calera Creek"}}, {"type": "Feature", "geometry": {"type": "Point", "coordinates": [-122.496908, 37.612009]}, "properties": {"county": "San Mateo", "beach_name": "Rockaway Beach", "station_name": "Rockaway Beach"}}, {"type": "Feature", "geometry": {"type": "Point", "coordinates": [-122.4562, 37.489]}, "properties": {"county": "San Mateo", "beach_name": "Roosevelt State Beach", "station_name": "North Roosevelt Creek"}}, {"type": "Feature", "geometry": {"type": "Point", "coordinates": [-122.4562204, 37.48842]}, "properties": {"county": "San Mateo", "beach_name": "Roosevelt State Beach", "station_name": "Roosevelt State Beach"}}, {"type": "Feature", "geometry": {"type": "Point", "coordinates": [-122.455042644, 37.4871915982]}, "properties": {"county": "San Mateo", "beach_name": "Roosevelt State Beach", "station_name": "South Roosevelt Creek"}}, {"type": "Feature", "geometry": {"type": "Point", "coordinates": [-122.40321, 37.32098]}, "properties": {"county": "San Mateo", "beach_name": "San Gregorio State Beach", "station_name": "San Gregorio Creek"}}, {"type": "Feature", "geometry": {"type": "Point", "coordinates": [-122.4040378, 37.32243]}, "properties": {"county": "San Mateo", "beach_name": "San Gregorio State Beach", "station_name": "San Gregorio State Beach"}}, {"type": "Feature", "geometry": {"type": "Point", "coordinates": [-122.4946839, 37.62994]}, "properties": {"county": "San Mateo", "beach_name": "Sharp Park Beach", "station_name": "Sharp Park Beach #3"}}, {"type": "Feature", "geometry": {"type": "Point", "coordinates": [-122.468894, 37.499732]}, "properties": {"county": "San Mateo", "beach_name": "Surfers Beach", "station_name": "Surfers Beach"}}, {"type": "Feature", "geometry": {"type": "Point", "coordinates": [-122.44701, 37.46785]}, "properties": {"county": "San Mateo", "beach_name": "Venice State Beach", "station_name": "Pilarcitos Creek"}}, {"type": "Feature", "geometry": {"type": "Point", "coordinates": [-122.4518156, 37.4804]}, "properties": {"county": "San Mateo", "beach_name": "Venice State Beach", "station_name": "Venice Beach"}}, {"type": "Feature", "geometry": {"type": "Point", "coordinates": [-119.742901, 34.402583]}, "properties": {"county": "Santa Barbara", "beach_name": "Arroyo Burro", "station_name": "WP0000147"}}, {"type": "Feature", "geometry": {"type": "Point", "coordinates": [-119.647827, 34.417426]}, "properties": {"county": "Santa Barbara", "beach_name": "Butterfly Beach", "station_name": "WP0000023"}}, {"type": "Feature", "geometry": {"type": "Point", "coordinates": [-119.520418, 34.390148]}, "properties": {"county": "Santa Barbara", "beach_name": "Carpinteria State", "station_name": "WP0000180"}}, {"type": "Feature", "geometry": {"type": "Point", "coordinates": [-119.881828, 34.409695]}, "properties": {"county": "Santa Barbara", "beach_name": "Coal Oil Point", "station_name": "WP0000012"}}, {"type": "Feature", "geometry": {"type": "Point", "coordinates": [-119.666755, 34.416563]}, "properties": {"county": "Santa Barbara", "beach_name": "East Beach", "station_name": "WP0000083"}}, {"type": "Feature", "geometry": {"type": "Point", "coordinates": [-119.686813, 34.412114]}, "properties": {"county": "Santa Barbara", "beach_name": "East Beach", "station_name": "WP0000085"}}, {"type": "Feature", "geometry": {"type": "Point", "coordinates": [-120.022201, 34.457864]}, "properties": {"county": "Santa Barbara", "beach_name": "El Capitan State Beach", "station_name": "WP0000013"}}, {"type": "Feature", "geometry": {"type": "Point", "coordinates": [-120.226901, 34.470819]}, "properties": {"county": "Santa Barbara", "beach_name": "Gaviota State Beach", "station_name": "WP0000079"}}, {"type": "Feature", "geometry": {"type": "Point", "coordinates": [-119.825805, 34.416985]}, "properties": {"county": "Santa Barbara", "beach_name": "Goleta Beach", "station_name": "WP0000037"}}, {"type": "Feature", "geometry": {"type": "Point", "coordinates": [-120.649369, 34.972529]}, "properties": {"county": "Santa Barbara", "beach_name": "Guadalupe Dunes", "station_name": "WP0000018"}}, {"type": "Feature", "geometry": {"type": "Point", "coordinates": [-119.63439, 34.416815]}, "properties": {"county": "Santa Barbara", "beach_name": "Hammonds", "station_name": "WP0000004"}}, {"type": "Feature", "geometry": {"type": "Point", "coordinates": [-119.780135, 34.414633]}, "properties": {"county": "Santa Barbara", "beach_name": "Hope Ranch Beach", "station_name": "WP0000072"}}, {"type": "Feature", "geometry": {"type": "Point", "coordinates": [-120.503554, 34.512227]}, "properties": {"county": "Santa Barbara", "beach_name": "Jalama Beach", "station_name": "WP0000080"}}, {"type": "Feature", "geometry": {"type": "Point", "coordinates": [-119.697167, 34.402075]}, "properties": {"county": "Santa Barbara", "beach_name": "Leadbetter", "station_name": "WP0000007"}}, {"type": "Feature", "geometry": {"type": "Point", "coordinates": [-120.06988, 34.462652]}, "properties": {"county": "Santa Barbara", "beach_name": "Refugio State Beach", "station_name": "WP0000183"}}, {"type": "Feature", "geometry": {"type": "Point", "coordinates": [-119.594992, 34.418315]}, "properties": {"county": "Santa Barbara", "beach_name": "Summerland Beach", "station_name": "WP0000188"}}, {"type": "Feature", "geometry": {"type": "Point", "coordinates": [-121.94977, 36.9717]}, "properties": {"county": "Santa Cruz", "beach_name": "Capitola City Beach", "station_name": "O235"}}, {"type": "Feature", "geometry": {"type": "Point", "coordinates": [-121.95011, 36.97125]}, "properties": {"county": "Santa Cruz", "beach_name": "Capitola City Beach", "station_name": "O240"}}, {"type": "Feature", "geometry": {"type": "Point", "coordinates": [-121.98611, 36.95968]}, "properties": {"county": "Santa Cruz", "beach_name": "Corcoran Lagoon Beach", "station_name": "O370"}}, {"type": "Feature", "geometry": {"type": "Point", "coordinates": [-122.024308, 36.960806]}, "properties": {"county": "Santa Cruz", "beach_name": "Cowell Beach", "station_name": "Cowell"}}, {"type": "Feature", "geometry": {"type": "Point", "coordinates": [-122.023339, 36.96147]}, "properties": {"county": "Santa Cruz", "beach_name": "Cowell Beach", "station_name": "Cowell-BC"}}, {"type": "Feature", "geometry": {"type": "Point", "coordinates": [-122.023142, 36.961623]}, "properties": {"county": "Santa Cruz", "beach_name": "Cowell Beach", "station_name": "Cowell-C"}}, {"type": "Feature", "geometry": {"type": "Point", "coordinates": [-122.022927, 36.961759]}, "properties": {"county": "Santa Cruz", "beach_name": "Cowell Beach", "station_name": "Cowell-CW"}}, {"type": "Feature", "geometry": {"type": "Point", "coordinates": [-122.02317, 36.96195]}, "properties": {"county": "Santa Cruz", "beach_name": "Cowell Beach", "station_name": "O488"}}, {"type": "Feature", "geometry": {"type": "Point", "coordinates": [-122.02386, 36.9614]}, "properties": {"county": "Santa Cruz", "beach_name": "Cowell Beach", "station_name": "O490"}}, {"type": "Feature", "geometry": {"type": "Point", "coordinates": [-122.025329, 36.959846]}, "properties": {"county": "Santa Cruz", "beach_name": "Cowell Beach", "station_name": "O493 "}}, {"type": "Feature", "geometry": {"type": "Point", "coordinates": [-122.02566, 36.95776]}, "properties": {"county": "Santa Cruz", "beach_name": "Cowell Beach", "station_name": "O494"}}, {"type": "Feature", "geometry": {"type": "Point", "coordinates": [-121.88885, 36.95698]}, "properties": {"county": "Santa Cruz", "beach_name": "Hidden Beach", "station_name": "O099"}}, {"type": "Feature", "geometry": {"type": "Point", "coordinates": [-121.895663, 36.961725]}, "properties": {"county": "Santa Cruz", "beach_name": "Hidden Beach", "station_name": "O100"}}, {"type": "Feature", "geometry": {"type": "Point", "coordinates": [-121.965114, 36.959759]}, "properties": {"county": "Santa Cruz", "beach_name": "Hooper's Beach", "station_name": "O310"}}, {"type": "Feature", "geometry": {"type": "Point", "coordinates": [-122.02849, 36.95174]}, "properties": {"county": "Santa Cruz", "beach_name": "Lighthouse Beach", "station_name": "O510"}}, {"type": "Feature", "geometry": {"type": "Point", "coordinates": [-122.021114, 36.962447]}, "properties": {"county": "Santa Cruz", "beach_name": "Main Beach", "station_name": "Main"}}, {"type": "Feature", "geometry": {"type": "Point", "coordinates": [-122.022199, 36.962058]}, "properties": {"county": "Santa Cruz", "beach_name": "Main Beach", "station_name": "Main-A"}}, {"type": "Feature", "geometry": {"type": "Point", "coordinates": [-122.021936, 36.962115]}, "properties": {"county": "Santa Cruz", "beach_name": "Main Beach", "station_name": "Main-B"}}, {"type": "Feature", "geometry": {"type": "Point", "coordinates": [-122.021679, 36.962189]}, "properties": {"county": "Santa Cruz", "beach_name": "Main Beach", "station_name": "Main-C"}}, {"type": "Feature", "geometry": {"type": "Point", "coordinates": [-122.01484, 36.96337]}, "properties": {"county": "Santa Cruz", "beach_name": "Main Beach", "station_name": "O450"}}, {"type": "Feature", "geometry": {"type": "Point", "coordinates": [-122.01974, 36.96297]}, "properties": {"county": "Santa Cruz", "beach_name": "Main Beach", "station_name": "O460"}}, {"type": "Feature", "geometry": {"type": "Point", "coordinates": [-122.022131, 36.962081]}, "properties": {"county": "Santa Cruz", "beach_name": "Main Beach", "station_name": "O478"}}, {"type": "Feature", "geometry": {"type": "Point", "coordinates": [-122.022464, 36.961995]}, "properties": {"county": "Santa Cruz", "beach_name": "Main Beach", "station_name": "Wharf-East"}}, {"type": "Feature", "geometry": {"type": "Point", "coordinates": [-121.86295, 36.93181]}, "properties": {"county": "Santa Cruz", "beach_name": "Manresa State Beach", "station_name": "O080"}}, {"type": "Feature", "geometry": {"type": "Point", "coordinates": [-122.04134, 36.95258]}, "properties": {"county": "Santa Cruz", "beach_name": "Mitchell's Cove Beach", "station_name": "O520"}}, {"type": "Feature", "geometry": {"type": "Point", "coordinates": [-121.97853, 36.95609]}, "properties": {"county": "Santa Cruz", "beach_name": "Moran Lake, County Beach", "station_name": "O340"}}, {"type": "Feature", "geometry": {"type": "Point", "coordinates": [-122.05785, 36.94967]}, "properties": {"county": "Santa Cruz", "beach_name": "Natural Bridges State Beach", "station_name": "O530"}}, {"type": "Feature", "geometry": {"type": "Point", "coordinates": [-122.02355, 36.9623]}, "properties": {"county": "Santa Cruz", "beach_name": "Neary Lagoon mouth", "station_name": "N0"}}, {"type": "Feature", "geometry": {"type": "Point", "coordinates": [-121.93862, 36.97814]}, "properties": {"county": "Santa Cruz", "beach_name": "New Brighton State Beach", "station_name": "O170"}}, {"type": "Feature", "geometry": {"type": "Point", "coordinates": [-121.81022, 36.85119]}, "properties": {"county": "Santa Cruz", "beach_name": "Pajaro Dunes Beach", "station_name": "O010"}}, {"type": "Feature", "geometry": {"type": "Point", "coordinates": [-121.9717, 36.95564]}, "properties": {"county": "Santa Cruz", "beach_name": "Pleasure Point Beach", "station_name": "O320"}}, {"type": "Feature", "geometry": {"type": "Point", "coordinates": [-121.90765, 36.96891]}, "properties": {"county": "Santa Cruz", "beach_name": "Rio del Mar Beach", "station_name": "O110"}}, {"type": "Feature", "geometry": {"type": "Point", "coordinates": [-122.19368, 37.00909]}, "properties": {"county": "Santa Cruz", "beach_name": "San Vicente Beach", "station_name": "O560"}}, {"type": "Feature", "geometry": {"type": "Point", "coordinates": [-122.2295, 37.03921]}, "properties": {"county": "Santa Cruz", "beach_name": "Scott Creek Beach", "station_name": "O580"}}, {"type": "Feature", "geometry": {"type": "Point", "coordinates": [-122.00858, 36.96306]}, "properties": {"county": "Santa Cruz", "beach_name": "Seabright Beach", "station_name": "O440"}}, {"type": "Feature", "geometry": {"type": "Point", "coordinates": [-121.91395, 36.97167]}, "properties": {"county": "Santa Cruz", "beach_name": "Seacliff State Beach", "station_name": "O140"}}, {"type": "Feature", "geometry": {"type": "Point", "coordinates": [-121.98948, 36.96034]}, "properties": {"county": "Santa Cruz", "beach_name": "Sunny Cove Beach", "station_name": "O380"}}, {"type": "Feature", "geometry": {"type": "Point", "coordinates": [-121.83907, 36.89547]}, "properties": {"county": "Santa Cruz", "beach_name": "Sunset State Beach", "station_name": "O060"}}, {"type": "Feature", "geometry": {"type": "Point", "coordinates": [-121.99801, 36.96162]}, "properties": {"county": "Santa Cruz", "beach_name": "Twin Lakes State Beach", "station_name": "O410"}}, {"type": "Feature", "geometry": {"type": "Point", "coordinates": [-122.27976, 37.09609]}, "properties": {"county": "Santa Cruz", "beach_name": "Waddell Creek Beach", "station_name": "O590"}}, {"type": "Feature", "geometry": {"type": "Point", "coordinates": [-123.4324089, 38.68346]}, "properties": {"county": "Sonoma", "beach_name": "Black Point Regional Park Beach", "station_name": "Black Point"}}, {"type": "Feature", "geometry": {"type": "Point", "coordinates": [-123.057075, 38.30492]}, "properties": {"county": "Sonoma", "beach_name": "Campbell Cove State Beach", "station_name": "Campbell Cove"}}, {"type": "Feature", "geometry": {"type": "Point", "coordinates": [-123.043222, 38.3134]}, "properties": {"county": "Sonoma", "beach_name": "Doran Regional Park Beach", "station_name": "Doran Park"}}, {"type": "Feature", "geometry": {"type": "Point", "coordinates": [-123.125277, 38.44084]}, "properties": {"county": "Sonoma", "beach_name": "Goat Rock State Park Beach", "station_name": "Goat Rock"}}, {"type": "Feature", "geometry": {"type": "Point", "coordinates": [-123.5312859, 38.76225]}, "properties": {"county": "Sonoma", "beach_name": "Gualala Regional Park Beach", "station_name": "Gualala"}}, {"type": "Feature", "geometry": {"type": "Point", "coordinates": [-123.0685373, 38.35631]}, "properties": {"county": "Sonoma", "beach_name": "Salmon Creek State Park Beach", "station_name": "Salmon Creek"}}, {"type": "Feature", "geometry": {"type": "Point", "coordinates": [-123.2976107, 38.54697]}, "properties": {"county": "Sonoma", "beach_name": "Still Water Cove Regional Park Beach", "station_name": "Stillwater"}}, {"type": "Feature", "geometry": {"type": "Point", "coordinates": [-118.959972, 34.051551]}, "properties": {"county": "Ventura", "beach_name": "County Line Beach", "station_name": "49500"}}, {"type": "Feature", "geometry": {"type": "Point", "coordinates": [-119.338068, 34.290996]}, "properties": {"county": "Ventura", "beach_name": "Emma Woods State Beach", "station_name": "11000"}}, {"type": "Feature", "geometry": {"type": "Point", "coordinates": [-119.3917542, 34.31897]}, "properties": {"county": "Ventura", "beach_name": "Faria County Park Beach", "station_name": "7000"}}, {"type": "Feature", "geometry": {"type": "Point", "coordinates": [-119.22219, 34.15963]}, "properties": {"county": "Ventura", "beach_name": "Hobie Beach", "station_name": "36000"}}, {"type": "Feature", "geometry": {"type": "Point", "coordinates": [-119.4122467, 34.33778]}, "properties": {"county": "Ventura", "beach_name": "Hobson County Park Beach", "station_name": "5000"}}, {"type": "Feature", "geometry": {"type": "Point", "coordinates": [-119.233078, 34.16859]}, "properties": {"county": "Ventura", "beach_name": "Hollywood Beach", "station_name": "34000"}}, {"type": "Feature", "geometry": {"type": "Point", "coordinates": [-119.2302933, 34.16328]}, "properties": {"county": "Ventura", "beach_name": "Hollywood Beach", "station_name": "35000"}}, {"type": "Feature", "geometry": {"type": "Point", "coordinates": [-119.22215, 34.16167]}, "properties": {"county": "Ventura", "beach_name": "Kiddie Beach", "station_name": "37000"}}, {"type": "Feature", "geometry": {"type": "Point", "coordinates": [-119.450103, 34.364201]}, "properties": {"county": "Ventura", "beach_name": "La Conchita Beach", "station_name": "2500"}}, {"type": "Feature", "geometry": {"type": "Point", "coordinates": [-119.375788, 34.321022]}, "properties": {"county": "Ventura", "beach_name": "Mandos Cove Beach", "station_name": "8100"}}, {"type": "Feature", "geometry": {"type": "Point", "coordinates": [-119.2701111, 34.25377]}, "properties": {"county": "Ventura", "beach_name": "Marina Park Beach", "station_name": "22000"}}, {"type": "Feature", "geometry": {"type": "Point", "coordinates": [-119.4281006, 34.35218]}, "properties": {"county": "Ventura", "beach_name": "Oil Piers Beach", "station_name": "4000"}}, {"type": "Feature", "geometry": {"type": "Point", "coordinates": [-119.1892395, 34.13899]}, "properties": {"county": "Ventura", "beach_name": "Ormond Beach", "station_name": "42000"}}, {"type": "Feature", "geometry": {"type": "Point", "coordinates": [-119.1836472, 34.13577]}, "properties": {"county": "Ventura", "beach_name": "Ormond Beach", "station_name": "43000"}}, {"type": "Feature", "geometry": {"type": "Point", "coordinates": [-119.160408, 34.11953]}, "properties": {"county": "Ventura", "beach_name": "Ormond Beach", "station_name": "44000"}}, {"type": "Feature", "geometry": {"type": "Point", "coordinates": [-119.2486877, 34.19789]}, "properties": {"county": "Ventura", "beach_name": "Oxnard Beach", "station_name": "29000"}}, {"type": "Feature", "geometry": {"type": "Point", "coordinates": [-119.2445755, 34.19035]}, "properties": {"county": "Ventura", "beach_name": "Oxnard Beach", "station_name": "30000"}}, {"type": "Feature", "geometry": {"type": "Point", "coordinates": [-119.2384567, 34.17873]}, "properties": {"county": "Ventura", "beach_name": "Oxnard Beach Park", "station_name": "32000"}}, {"type": "Feature", "geometry": {"type": "Point", "coordinates": [-119.2370834, 34.17652]}, "properties": {"county": "Ventura", "beach_name": "Oxnard Beach Park", "station_name": "33000"}}, {"type": "Feature", "geometry": {"type": "Point", "coordinates": [-119.2680511, 34.24641]}, "properties": {"county": "Ventura", "beach_name": "Penninsula Beach", "station_name": "23000"}}, {"type": "Feature", "geometry": {"type": "Point", "coordinates": [-119.0653305, 34.0878]}, "properties": {"county": "Ventura", "beach_name": "Point Mugu Beach", "station_name": "45000"}}, {"type": "Feature", "geometry": {"type": "Point", "coordinates": [-119.1951523, 34.14134]}, "properties": {"county": "Ventura", "beach_name": "Port Hueneme Beach Park", "station_name": "41000"}}, {"type": "Feature", "geometry": {"type": "Point", "coordinates": [-119.297644, 34.274409]}, "properties": {"county": "Ventura", "beach_name": "Promenade Park Beach", "station_name": "14000"}}, {"type": "Feature", "geometry": {"type": "Point", "coordinates": [-119.295483, 34.275337]}, "properties": {"county": "Ventura", "beach_name": "Promenade Park Beach", "station_name": "15000"}}, {"type": "Feature", "geometry": {"type": "Point", "coordinates": [-119.293034, 34.275661]}, "properties": {"county": "Ventura", "beach_name": "Promenade Park Beach", "station_name": "17000"}}, {"type": "Feature", "geometry": {"type": "Point", "coordinates": [-119.476088, 34.373398]}, "properties": {"county": "Ventura", "beach_name": "Rincon Beach", "station_name": "1000"}}, {"type": "Feature", "geometry": {"type": "Point", "coordinates": [-119.4730453, 34.37538]}, "properties": {"county": "Ventura", "beach_name": "Rincon Beach", "station_name": "1100"}}, {"type": "Feature", "geometry": {"type": "Point", "coordinates": [-119.2888336, 34.27362]}, "properties": {"county": "Ventura", "beach_name": "San Buenaventura State Beach", "station_name": "18000"}}, {"type": "Feature", "geometry": {"type": "Point", "coordinates": [-119.285178, 34.272228]}, "properties": {"county": "Ventura", "beach_name": "San Buenaventura State Beach", "station_name": "19000"}}, {"type": "Feature", "geometry": {"type": "Point", "coordinates": [-119.275887, 34.263737]}, "properties": {"county": "Ventura", "beach_name": "San Buenaventura State Beach", "station_name": "20000"}}, {"type": "Feature", "geometry": {"type": "Point", "coordinates": [-119.2715302, 34.2569]}, "properties": {"county": "Ventura", "beach_name": "San Buenaventura State Beach", "station_name": "21000"}}, {"type": "Feature", "geometry": {"type": "Point", "coordinates": [-119.2254257, 34.15727]}, "properties": {"county": "Ventura", "beach_name": "Silverstrand Beach", "station_name": "38000"}}, {"type": "Feature", "geometry": {"type": "Point", "coordinates": [-119.2201004, 34.15244]}, "properties": {"county": "Ventura", "beach_name": "Silverstrand Beach", "station_name": "39000"}}, {"type": "Feature", "geometry": {"type": "Point", "coordinates": [-119.2168274, 34.14739]}, "properties": {"county": "Ventura", "beach_name": "Silverstrand Beach", "station_name": "40000"}}, {"type": "Feature", "geometry": {"type": "Point", "coordinates": [-119.35891, 34.310402]}, "properties": {"county": "Ventura", "beach_name": "Solimar Beach", "station_name": "10000"}}, {"type": "Feature", "geometry": {"type": "Point", "coordinates": [-118.950487, 34.047184]}, "properties": {"county": "Ventura", "beach_name": "Staircase Beach", "station_name": "50000"}}, {"type": "Feature", "geometry": {"type": "Point", "coordinates": [-119.2668381, 34.23971]}, "properties": {"county": "Ventura", "beach_name": "Surfers Knoll Beach", "station_name": "25000"}}, {"type": "Feature", "geometry": {"type": "Point", "coordinates": [-119.3050308, 34.27301]}, "properties": {"county": "Ventura", "beach_name": "Surfers Point at Seaside", "station_name": "13000"}}, {"type": "Feature", "geometry": {"type": "Point", "coordinates": [-119.014049, 34.070354]}, "properties": {"county": "Ventura", "beach_name": "Sycamore Cove Beach", "station_name": "47000"}}, {"type": "Feature", "geometry": {"type": "Point", "coordinates": [-119.0237045, 34.0752]}, "properties": {"county": "Ventura", "beach_name": "Thornhill Broome Beach", "station_name": "46000"}}]}