{
"type": "FeatureCollection",
"name": "Master_WEA_5km",
"crs": { "type": "name", "properties": { "name": "urn:ogc:def:crs:OGC:1.3:CRS84" } },
"features": [
{ "type": "Feature", "properties": { "Program.Name": "CalCOFI", "Full.Program.Name": "California Cooperative Oceanic Fisheries Investigations", "Monitoring.Program": "CalCOFI", "Parameters": "Dissolved Inorganic Carbon (DIC); Marine Mammal Abundance; Marine Mammal Behavior; Marine Mammal Species; Salinity; Temperature; Total Alkalinity", "EOV.Groups": "Biogeochemical; Biological; Physical", "Parameter.Count": "7", "First.Year": "2015", "Last.Year": "2015", "Years.Sampled": "1", "Frequency": "Quarterly", "Platform": "Vessel", "Geometry.Types": "Fixed Station", "Depth.Range..m.": null, "Sample.Locations": "1", "Centroid.Latitude": "40.8543448311032", "Centroid.Longitude": "-124.684705932444", "Gebco.Mean.Depth": "-728", "Source.Files": "marine_mammal_species_mammal_behavior_263_2015plus.csv" }, "geometry": { "type": "Polygon", "coordinates": [ [ [ -124.654264499999982, 40.842467 ], [ -124.6559442, 40.8684405 ], [ -124.686396899999977, 40.8803183 ], [ -124.71515740000001, 40.8662154 ], [ -124.7134564, 40.8402427 ], [ -124.6830162, 40.828372 ], [ -124.654264499999982, 40.842467 ] ] ] } },
{ "type": "Feature", "properties": { "Program.Name": "CalCOFI", "Full.Program.Name": "California Cooperative Oceanic Fisheries Investigations", "Monitoring.Program": "CalCOFI", "Parameters": "Dissolved Inorganic Carbon (DIC); Marine Mammal Abundance; Marine Mammal Behavior; Marine Mammal Species; Salinity; Temperature; Total Alkalinity", "EOV.Groups": "Biogeochemical; Biological; Physical", "Parameter.Count": "7", "First.Year": "2015", "Last.Year": "2015", "Years.Sampled": "1", "Frequency": "Quarterly", "Platform": "Vessel", "Geometry.Types": "Fixed Station", "Depth.Range..m.": null, "Sample.Locations": "1", "Centroid.Latitude": "35.7055506712276", "Centroid.Longitude": "-121.880990370261", "Gebco.Mean.Depth": "-1047", "Source.Files": "Transect_MarineMammal_Species_behavior_abundance.csv" }, "geometry": { "type": "Polygon", "coordinates": [ [ [ -121.8530249, 35.6930033 ], [ -121.8536492, 35.718984299999988 ], [ -121.881624199999976, 35.7315314 ], [ -121.9089649, 35.7180913 ], [ -121.908322, 35.6921105 ], [ -121.880357, 35.6795695 ], [ -121.8530249, 35.6930033 ] ] ] } },
{ "type": "Feature", "properties": { "Program.Name": "CalCOFI", "Full.Program.Name": "California Cooperative Oceanic Fisheries Investigations", "Monitoring.Program": "CalCOFI", "Parameters": "Dissolved Inorganic Carbon (DIC); Marine Mammal Abundance; Marine Mammal Behavior; Marine Mammal Species; Salinity; Temperature; Total Alkalinity", "EOV.Groups": "Biogeochemical; Biological; Physical", "Parameter.Count": "7", "First.Year": "2016", "Last.Year": "2016", "Years.Sampled": "1", "Frequency": "Quarterly", "Platform": "Vessel", "Geometry.Types": "Fixed Station", "Depth.Range..m.": null, "Sample.Locations": "1", "Centroid.Latitude": "35.6670217388447", "Centroid.Longitude": "-121.852401080832", "Gebco.Mean.Depth": "-1029", "Source.Files": "Transect_MarineMammal_Species_behavior_abundance.csv" }, "geometry": { "type": "Polygon", "coordinates": [ [ [ -121.8244543, 35.6544672 ], [ -121.8250686, 35.680449 ], [ -121.8530249, 35.6930033 ], [ -121.880357, 35.6795695 ], [ -121.879724, 35.6535879 ], [ -121.8517776, 35.6410398 ], [ -121.8244543, 35.6544672 ] ] ] } },
{ "type": "Feature", "properties": { "Program.Name": "CalCOFI", "Full.Program.Name": "California Cooperative Oceanic Fisheries Investigations", "Monitoring.Program": "CalCOFI", "Parameters": "Dissolved Inorganic Carbon (DIC); Marine Mammal Abundance; Marine Mammal Behavior; Marine Mammal Species; Salinity; Temperature; Total Alkalinity", "EOV.Groups": "Biogeochemical; Biological; Physical", "Parameter.Count": "7", "First.Year": "2015", "Last.Year": "2016", "Years.Sampled": "2", "Frequency": "Quarterly", "Platform": "Vessel", "Geometry.Types": "Fixed Station", "Depth.Range..m.": null, "Sample.Locations": "2", "Centroid.Latitude": "35.6284848270686", "Centroid.Longitude": "-121.823840323458", "Gebco.Mean.Depth": "-1006.5", "Source.Files": "Transect_MarineMammal_Species_behavior_abundance.csv" }, "geometry": { "type": "Polygon", "coordinates": [ [ [ -121.7959121, 35.6159231 ], [ -121.796516499999981, 35.6419058 ], [ -121.8244543, 35.6544672 ], [ -121.8517776, 35.6410398 ], [ -121.8511546, 35.6150574 ], [ -121.8232268, 35.6025021 ], [ -121.7959121, 35.6159231 ] ] ] } },
{ "type": "Feature", "properties": { "Program.Name": "CalCOFI", "Full.Program.Name": "California Cooperative Oceanic Fisheries Investigations", "Monitoring.Program": "CalCOFI", "Parameters": "Dissolved Inorganic Carbon (DIC); Marine Mammal Abundance; Marine Mammal Behavior; Marine Mammal Species; Salinity; Temperature; Total Alkalinity", "EOV.Groups": "Biogeochemical; Biological; Physical", "Parameter.Count": "7", "First.Year": "2018", "Last.Year": "2018", "Years.Sampled": "1", "Frequency": "Quarterly", "Platform": "Vessel", "Geometry.Types": "Fixed Station", "Depth.Range..m.": null, "Sample.Locations": "1", "Centroid.Latitude": "35.667887989219", "Centroid.Longitude": "-121.797121382027", "Gebco.Mean.Depth": "-1004", "Source.Files": "Transect_MarineMammal_Species_behavior_abundance.csv" }, "geometry": { "type": "Polygon", "coordinates": [ [ [ -121.7691832, 35.6553201 ], [ -121.769779, 35.6813023 ], [ -121.7977266, 35.6938698 ], [ -121.8250686, 35.680449 ], [ -121.8244543, 35.6544672 ], [ -121.796516499999981, 35.6419058 ], [ -121.7691832, 35.6553201 ] ] ] } },
{ "type": "Feature", "properties": { "Program.Name": "CalCOFI", "Full.Program.Name": "California Cooperative Oceanic Fisheries Investigations", "Monitoring.Program": "CalCOFI", "Parameters": "Dissolved Inorganic Carbon (DIC); Marine Mammal Abundance; Marine Mammal Behavior; Marine Mammal Species; Salinity; Temperature; Total Alkalinity", "EOV.Groups": "Biogeochemical; Biological; Physical", "Parameter.Count": "7", "First.Year": "2017", "Last.Year": "2018", "Years.Sampled": "2", "Frequency": "Quarterly", "Platform": "Vessel", "Geometry.Types": "Fixed Station", "Depth.Range..m.": null, "Sample.Locations": "2", "Centroid.Latitude": "35.5907791358499", "Centroid.Longitude": "-121.740082893502", "Gebco.Mean.Depth": "-950.5", "Source.Files": "Transect_MarineMammal_Species_behavior_abundance.csv" }, "geometry": { "type": "Polygon", "coordinates": [ [ [ -121.7121819, 35.578197 ], [ -121.7127579, 35.6041807 ], [ -121.7406684, 35.6167625 ], [ -121.767993, 35.6033545 ], [ -121.7673984, 35.577371 ], [ -121.7394978, 35.5647953 ], [ -121.7121819, 35.578197 ] ] ] } },
{ "type": "Feature", "properties": { "Program.Name": "CalCOFI", "Full.Program.Name": "California Cooperative Oceanic Fisheries Investigations", "Monitoring.Program": "CalCOFI", "Parameters": "Dissolved Inorganic Carbon (DIC); Marine Mammal Abundance; Marine Mammal Behavior; Marine Mammal Species; Salinity; Temperature; Total Alkalinity", "EOV.Groups": "Biogeochemical; Biological; Physical", "Parameter.Count": "7", "First.Year": "2016", "Last.Year": "2016", "Years.Sampled": "1", "Frequency": "Quarterly", "Platform": "Vessel", "Geometry.Types": "Fixed Station", "Depth.Range..m.": null, "Sample.Locations": "1", "Centroid.Latitude": "35.5522127440754", "Centroid.Longitude": "-121.711606328236", "Gebco.Mean.Depth": "-959", "Source.Files": "Transect_MarineMammal_Species_behavior_abundance.csv" }, "geometry": { "type": "Polygon", "coordinates": [ [ [ -121.6837239, 35.5396234 ], [ -121.68429, 35.565608 ], [ -121.7121819, 35.578197 ], [ -121.7394978, 35.5647953 ], [ -121.738913200000013, 35.5388109 ], [ -121.711031099999985, 35.5262281 ], [ -121.6837239, 35.5396234 ] ] ] } },
{ "type": "Feature", "properties": { "Program.Name": "CalCOFI", "Full.Program.Name": "California Cooperative Oceanic Fisheries Investigations", "Monitoring.Program": "CalCOFI", "Parameters": "Dissolved Inorganic Carbon (DIC); Marine Mammal Abundance; Marine Mammal Behavior; Marine Mammal Species; Salinity; Temperature; Total Alkalinity", "EOV.Groups": "Biogeochemical; Biological; Physical", "Parameter.Count": "7", "First.Year": "2015", "Last.Year": "2015", "Years.Sampled": "1", "Frequency": "Quarterly", "Platform": "Vessel", "Geometry.Types": "Fixed Station", "Depth.Range..m.": null, "Sample.Locations": "2", "Centroid.Latitude": "35.4750559987842", "Centroid.Longitude": "-121.654738368637", "Gebco.Mean.Depth": "-1073", "Source.Files": "marine_mammal_species_mammal_behavior_263_2015plus.csv" }, "geometry": { "type": "Polygon", "coordinates": [ [ [ -121.626893, 35.4624524 ], [ -121.6274395, 35.4884386 ], [ -121.6552943, 35.5010419 ], [ -121.6825928, 35.4876528 ], [ -121.6820278, 35.4616668 ], [ -121.6541828, 35.4490696 ], [ -121.626893, 35.4624524 ] ] ] } },
{ "type": "Feature", "properties": { "Program.Name": "CalCOFI", "Full.Program.Name": "California Cooperative Oceanic Fisheries Investigations", "Monitoring.Program": "CalCOFI", "Parameters": "Ammonium; Bacterial Abundance; CDOM Fluorescence; Chlorophyll-a; Chlorophyll fluorescence; Density (Sigma Theta); Dissolved Inorganic Carbon (DIC); Dissolved Oxygen; Krill (Euphausiid) Abundance; Lithogenic Silica; Marine Mammal Abundance; Marine Mammal Behavior; Marine Mammal Species; Microbial Genomics (mRNA); Nitrate; Nitrite; Oxygen Saturation; Particulate Biogenic Silica; Particulate Inorganic Carbon; Particulate Inorganic Nitrogen; pH; Phaeopigments; Phosphate; Phycoerythrin (PE) Fluorescence; Phytoplankton Abundance; Phytoplankton Taxon-Specific Pigments; Picoplankton Abundance; Primary Production (14C uptake); Salinity; Silicate; Temperature; Total Alkalinity; Total Dissolved Nitrogen; Total Dissolved Phosphorus; Turbidity", "EOV.Groups": "Biogeochemical; Biological; Physical", "Parameter.Count": "35", "First.Year": "2003", "Last.Year": "2023", "Years.Sampled": "21", "Frequency": "Quarterly", "Platform": "Vessel", "Geometry.Types": "Fixed Station", "Depth.Range..m.": null, "Sample.Locations": "23", "Centroid.Latitude": "35.4758285572955", "Centroid.Longitude": "-121.599593752549", "Gebco.Mean.Depth": "-982.673305860806", "Source.Files": "ALF Station Fluorecence .csv; ALF Underway Fluorecence.csv; Brinton and Townsend Euphausiid.csv; CalCOFI SIO Hydrographic Bottle Data.csv; CalCOFI_SIO_Hydrographic_Bottle_Cast_Data_2015plus.csv; marine_mammal_species_mammal_behavior_263_2015plus.csv; Size Group and Total Carbon Estimates.csv" }, "geometry": { "type": "Polygon", "coordinates": [ [ [ -121.5717571, 35.4632117 ], [ -121.5722851, 35.4891982 ], [ -121.6001312, 35.5018147 ], [ -121.6274395, 35.4884386 ], [ -121.626893, 35.4624524 ], [ -121.5990567, 35.4498419 ], [ -121.5717571, 35.4632117 ] ] ] } },
{ "type": "Feature", "properties": { "Program.Name": "CCE LTER", "Full.Program.Name": "California Current Ecosystem Long-Term Ecological Research", "Monitoring.Program": "CCE LTER", "Parameters": "Ammonium; Bacterial Abundance; Bacterial Carbon Biomass; Bacterioplankton Abundance; CDOM Fluorescence; Chlorophyll-a; Chlorophyll fluorescence; Dissolved Organic Carbon; Nitrate; Nitrite; Particulate Organic Carbon; Particulate Organic Nitrogen; Phaeopigments; Phosphate; Phycoerythrin (PE) Fluorescence; Phytoplankton Abundance; Phytoplankton Carbon Biomass; Picoplankton Abundance; Picoplankton Carbon Biomass; Primary Production (14C uptake); Silicate; Temperature; Trace Metals", "EOV.Groups": "Biogeochemical; Biological; Physical", "Parameter.Count": "23", "First.Year": "2017", "Last.Year": "2023", "Years.Sampled": "7", "Frequency": "Seasonally", "Platform": "Research Vessel", "Geometry.Types": "Fixed Station", "Depth.Range..m.": null, "Sample.Locations": "47", "Centroid.Latitude": "35.4758285572955", "Centroid.Longitude": "-121.599593752549", "Gebco.Mean.Depth": "-968.232142857143", "Source.Files": "CCE LTER_Chlorophyll_Phaeopigment_2006to2024.csv; CCE LTER_Microbial_Carbon_Biomass_2004to2023.csv; CCE LTER_Nutrients_2006to2024.csv; CCE LTER_ParticulateOrganicCarbon_ParticulateOrganicNitrogen (2).csv; CCE LTER_PhytoplanktonAbundance_PicoplanktonAbundance_BacterialAbundance_2004to2023.csv; CCE LTER_Transect_Fluorescence_2012to2019.csv" }, "geometry": { "type": "Polygon", "coordinates": [ [ [ -121.5717571, 35.4632117 ], [ -121.5722851, 35.4891982 ], [ -121.6001312, 35.5018147 ], [ -121.6274395, 35.4884386 ], [ -121.626893, 35.4624524 ], [ -121.5990567, 35.4498419 ], [ -121.5717571, 35.4632117 ] ] ] } },
{ "type": "Feature", "properties": { "Program.Name": "CCE LTER", "Full.Program.Name": "California Current Ecosystem Long-Term Ecological Research", "Monitoring.Program": "CCE LTER", "Parameters": "Ammonium; Bacterial Abundance; Bacterioplankton Abundance; CDOM Fluorescence; Chlorophyll-a; Chlorophyll fluorescence; Dissolved Organic Carbon; Nitrate; Nitrite; Particulate Organic Carbon; Particulate Organic Nitrogen; Phaeopigments; Phosphate; Phycoerythrin (PE) Fluorescence; Phytoplankton Abundance; Picoplankton Abundance; Silicate; Temperature; Trace Metals", "EOV.Groups": "Biogeochemical; Biological; Physical", "Parameter.Count": "19", "First.Year": "2017", "Last.Year": "2019", "Years.Sampled": "3", "Frequency": "Seasonally", "Platform": "Research Vessel", "Geometry.Types": "Fixed Station", "Depth.Range..m.": null, "Sample.Locations": "39", "Centroid.Latitude": "35.5144243899725", "Centroid.Longitude": "-121.627986322616", "Gebco.Mean.Depth": "-914.927927927928", "Source.Files": "CCE LTER_Chlorophyll_Phaeopigment_2006to2024.csv; CCE LTER_Nutrients_2006to2024.csv; CCE LTER_ParticulateOrganicCarbon_ParticulateOrganicNitrogen (2).csv; CCE LTER_Transect_Fluorescence_2012to2019.csv" }, "geometry": { "type": "Polygon", "coordinates": [ [ [ -121.6001312, 35.5018147 ], [ -121.600668899999988, 35.5278003 ], [ -121.628533499999975, 35.5404097 ], [ -121.6558506, 35.5270273 ], [ -121.6552943, 35.5010419 ], [ -121.6274395, 35.4884386 ], [ -121.6001312, 35.5018147 ] ] ] } },
{ "type": "Feature", "properties": { "Program.Name": "CCE LTER", "Full.Program.Name": "California Current Ecosystem Long-Term Ecological Research", "Monitoring.Program": "CCE LTER", "Parameters": "CDOM Fluorescence; Chlorophyll-a; Chlorophyll fluorescence; Phycoerythrin (PE) Fluorescence", "EOV.Groups": "Biogeochemical", "Parameter.Count": "4", "First.Year": "2019", "Last.Year": "2019", "Years.Sampled": "1", "Frequency": "Seasonally", "Platform": "Research Vessel", "Geometry.Types": "Fixed Station", "Depth.Range..m.": null, "Sample.Locations": "2", "Centroid.Latitude": "35.5530122441849", "Centroid.Longitude": "-121.656407241117", "Gebco.Mean.Depth": "-899.5", "Source.Files": "CCE LTER_Transect_Fluorescence_2012to2019.csv" }, "geometry": { "type": "Polygon", "coordinates": [ [ [ -121.628533499999975, 35.5404097 ], [ -121.6290811, 35.5663945 ], [ -121.656964299999984, 35.5789967 ], [ -121.68429, 35.565608 ], [ -121.6837239, 35.5396234 ], [ -121.6558506, 35.5270273 ], [ -121.628533499999975, 35.5404097 ] ] ] } },
{ "type": "Feature", "properties": { "Program.Name": "CCE LTER", "Full.Program.Name": "California Current Ecosystem Long-Term Ecological Research", "Monitoring.Program": "CCE LTER", "Parameters": "CDOM Fluorescence; Chlorophyll-a; Chlorophyll fluorescence; Phycoerythrin (PE) Fluorescence", "EOV.Groups": "Biogeochemical", "Parameter.Count": "4", "First.Year": "2017", "Last.Year": "2019", "Years.Sampled": "3", "Frequency": "Seasonally", "Platform": "Research Vessel", "Geometry.Types": "Fixed Station", "Depth.Range..m.": null, "Sample.Locations": "11", "Centroid.Latitude": "35.5537855398808", "Centroid.Longitude": "-121.601207030897", "Gebco.Mean.Depth": "-897.909090909091", "Source.Files": "CCE LTER_Transect_Fluorescence_2012to2019.csv" }, "geometry": { "type": "Polygon", "coordinates": [ [ [ -121.573342, 35.5411698 ], [ -121.573871099999977, 35.5671548 ], [ -121.6017455, 35.5797703 ], [ -121.6290811, 35.5663945 ], [ -121.628533499999975, 35.5404097 ], [ -121.600668899999988, 35.5278003 ], [ -121.573342, 35.5411698 ] ] ] } },
{ "type": "Feature", "properties": { "Program.Name": "CCE LTER", "Full.Program.Name": "California Current Ecosystem Long-Term Ecological Research", "Monitoring.Program": "CCE LTER", "Parameters": "CDOM Fluorescence; Chlorophyll-a; Chlorophyll fluorescence; Phycoerythrin (PE) Fluorescence", "EOV.Groups": "Biogeochemical", "Parameter.Count": "4", "First.Year": "2017", "Last.Year": "2019", "Years.Sampled": "3", "Frequency": "Seasonally", "Platform": "Research Vessel", "Geometry.Types": "Fixed Station", "Depth.Range..m.": null, "Sample.Locations": "11", "Centroid.Latitude": "35.4372247397795", "Centroid.Longitude": "-121.571229493609", "Gebco.Mean.Depth": "-974.818181818182", "Source.Files": "CCE LTER_Transect_Fluorescence_2012to2019.csv" }, "geometry": { "type": "Polygon", "coordinates": [ [ [ -121.543411299999988, 35.4246008 ], [ -121.5439295, 35.4505881 ], [ -121.5717571, 35.4632117 ], [ -121.5990567, 35.4498419 ], [ -121.59852, 35.4238548 ], [ -121.5707022, 35.4112373 ], [ -121.543411299999988, 35.4246008 ] ] ] } },
{ "type": "Feature", "properties": { "Program.Name": "CCE LTER", "Full.Program.Name": "California Current Ecosystem Long-Term Ecological Research", "Monitoring.Program": "CCE LTER", "Parameters": "CDOM Fluorescence; Chlorophyll-a; Chlorophyll fluorescence; Phycoerythrin (PE) Fluorescence", "EOV.Groups": "Biogeochemical", "Parameter.Count": "4", "First.Year": "2017", "Last.Year": "2017", "Years.Sampled": "1", "Frequency": "Seasonally", "Platform": "Research Vessel", "Geometry.Types": "Fixed Station", "Depth.Range..m.": null, "Sample.Locations": "3", "Centroid.Latitude": "35.5151842204816", "Centroid.Longitude": "-121.57281337676", "Gebco.Mean.Depth": "-928.333333333333", "Source.Files": "CCE LTER_Transect_Fluorescence_2012to2019.csv" }, "geometry": { "type": "Polygon", "coordinates": [ [ [ -121.5449669, 35.5025613 ], [ -121.5454862, 35.5285472 ], [ -121.573342, 35.5411698 ], [ -121.600668899999988, 35.5278003 ], [ -121.6001312, 35.5018147 ], [ -121.5722851, 35.4891982 ], [ -121.5449669, 35.5025613 ] ] ] } },
{ "type": "Feature", "properties": { "Program.Name": "Farallon Institute", "Full.Program.Name": "Farallon Institute", "Monitoring.Program": "Farallon Institute", "Parameters": "Seabird Abundance; Seabird Behavior; Seabird Species", "EOV.Groups": "Biological", "Parameter.Count": "3", "First.Year": "2014", "Last.Year": "2014", "Years.Sampled": "1", "Frequency": "Annually", "Platform": "Vessel", "Geometry.Types": "Fixed Station", "Depth.Range..m.": null, "Sample.Locations": "1", "Centroid.Latitude": "40.9678559834599", "Centroid.Longitude": "-124.78126826607", "Gebco.Mean.Depth": "-996", "Source.Files": "Transect_SeabirdAbundance_SeabirdSpecies_SeabirdBebavior.csv" }, "geometry": { "type": "Polygon", "coordinates": [ [ [ -124.7507629, 40.9560003 ], [ -124.752480100000014, 40.9819755 ], [ -124.7829967, 40.9938311 ], [ -124.811783699999978, 40.9797043 ], [ -124.8100451, 40.95373 ], [ -124.779541, 40.9418815 ], [ -124.7507629, 40.9560003 ] ] ] } },
{ "type": "Feature", "properties": { "Program.Name": "Farallon Institute", "Full.Program.Name": "Farallon Institute", "Monitoring.Program": "Farallon Institute", "Parameters": "Seabird Abundance; Seabird Behavior; Seabird Species", "EOV.Groups": "Biological", "Parameter.Count": "3", "First.Year": "2014", "Last.Year": "2014", "Years.Sampled": "1", "Frequency": "Annually", "Platform": "Vessel", "Geometry.Types": "Fixed Station", "Depth.Range..m.": null, "Sample.Locations": "1", "Centroid.Latitude": "40.9300257952865", "Centroid.Longitude": "-124.749046979418", "Gebco.Mean.Depth": "-787", "Source.Files": "Transect_SeabirdAbundance_SeabirdSpecies_SeabirdBebavior.csv" }, "geometry": { "type": "Polygon", "coordinates": [ [ [ -124.718563, 40.9181627 ], [ -124.7202676, 40.9441374 ], [ -124.7507629, 40.9560003 ], [ -124.779541, 40.9418815 ], [ -124.777815100000012, 40.9159078 ], [ -124.747332300000011, 40.9040519 ], [ -124.718563, 40.9181627 ] ] ] } },
{ "type": "Feature", "properties": { "Program.Name": "Farallon Institute", "Full.Program.Name": "Farallon Institute", "Monitoring.Program": "Farallon Institute", "Parameters": "Seabird Abundance; Seabird Behavior; Seabird Species", "EOV.Groups": "Biological", "Parameter.Count": "3", "First.Year": "2014", "Last.Year": "2014", "Years.Sampled": "1", "Frequency": "Annually", "Platform": "Vessel", "Geometry.Types": "Fixed Station", "Depth.Range..m.": null, "Sample.Locations": "2", "Centroid.Latitude": "41.0079514245155", "Centroid.Longitude": "-124.754198499915", "Gebco.Mean.Depth": "-849.666666666667", "Source.Files": "Transect_SeabirdAbundance_SeabirdSpecies_SeabirdBebavior.csv" }, "geometry": { "type": "Polygon", "coordinates": [ [ [ -124.72368059999998, 40.9960887 ], [ -124.725388899999984, 41.0220653 ], [ -124.755918199999982, 41.033928 ], [ -124.7847265, 41.0198069 ], [ -124.7829967, 40.9938311 ], [ -124.752480100000014, 40.9819755 ], [ -124.72368059999998, 40.9960887 ] ] ] } },
{ "type": "Feature", "properties": { "Program.Name": "Farallon Institute", "Full.Program.Name": "Farallon Institute", "Monitoring.Program": "Farallon Institute", "Parameters": "Seabird Abundance; Seabird Behavior; Seabird Species", "EOV.Groups": "Biological", "Parameter.Count": "3", "First.Year": "2014", "Last.Year": "2019", "Years.Sampled": "6", "Frequency": "Annually", "Platform": "Vessel", "Geometry.Types": "Fixed Station", "Depth.Range..m.": null, "Sample.Locations": "4", "Centroid.Latitude": "40.7363581607989", "Centroid.Longitude": "-124.706664796189", "Gebco.Mean.Depth": "-946.142857142857", "Source.Files": "RR and FIe_SeabirdAbundance_SeabirdSpecies_SeabirdBebavior.csv; Transect_SeabirdAbundance_SeabirdSpecies_SeabirdBebavior.csv" }, "geometry": { "type": "Polygon", "coordinates": [ [ [ -124.6762696, 40.724487 ], [ -124.6779544, 40.7504573 ], [ -124.708360899999988, 40.7623284 ], [ -124.73707, 40.748222 ], [ -124.735364, 40.7222526 ], [ -124.7049699, 40.7103886 ], [ -124.6762696, 40.724487 ] ] ] } },
{ "type": "Feature", "properties": { "Program.Name": "Farallon Institute", "Full.Program.Name": "Farallon Institute", "Monitoring.Program": "Farallon Institute", "Parameters": "Seabird Abundance; Seabird Behavior; Seabird Species", "EOV.Groups": "Biological", "Parameter.Count": "3", "First.Year": "2014", "Last.Year": "2014", "Years.Sampled": "1", "Frequency": "Annually", "Platform": "Vessel", "Geometry.Types": "Fixed Station", "Depth.Range..m.": null, "Sample.Locations": "1", "Centroid.Latitude": "40.9701127045147", "Centroid.Longitude": "-124.721973492998", "Gebco.Mean.Depth": "-750", "Source.Files": "Transect_SeabirdAbundance_SeabirdSpecies_SeabirdBebavior.csv" }, "geometry": { "type": "Polygon", "coordinates": [ [ [ -124.691477, 40.9582426 ], [ -124.693172800000013, 40.9842186 ], [ -124.72368059999998, 40.9960887 ], [ -124.752480100000014, 40.9819755 ], [ -124.7507629, 40.9560003 ], [ -124.7202676, 40.9441374 ], [ -124.691477, 40.9582426 ] ] ] } },
{ "type": "Feature", "properties": { "Program.Name": "Farallon Institute", "Full.Program.Name": "Farallon Institute", "Monitoring.Program": "Farallon Institute", "Parameters": "Seabird Abundance; Seabird Behavior; Seabird Species", "EOV.Groups": "Biological", "Parameter.Count": "3", "First.Year": "2014", "Last.Year": "2014", "Years.Sampled": "1", "Frequency": "Annually", "Platform": "Vessel", "Geometry.Types": "Fixed Station", "Depth.Range..m.": null, "Sample.Locations": "3", "Centroid.Latitude": "41.0480426629102", "Centroid.Longitude": "-124.727098527554", "Gebco.Mean.Depth": "-855", "Source.Files": "Transect_SeabirdAbundance_SeabirdSpecies_SeabirdBebavior.csv" }, "geometry": { "type": "Polygon", "coordinates": [ [ [ -124.6965681, 41.0361728 ], [ -124.6982676, 41.0621509 ], [ -124.7288093, 41.0740207 ], [ -124.7576391, 41.0599052 ], [ -124.755918199999982, 41.033928 ], [ -124.725388899999984, 41.0220653 ], [ -124.6965681, 41.0361728 ] ] ] } },
{ "type": "Feature", "properties": { "Program.Name": "Farallon Institute", "Full.Program.Name": "Farallon Institute", "Monitoring.Program": "Farallon Institute", "Parameters": "Seabird Abundance; Seabird Behavior; Seabird Species", "EOV.Groups": "Biological", "Parameter.Count": "3", "First.Year": "2017", "Last.Year": "2017", "Years.Sampled": "1", "Frequency": "Annually", "Platform": "Vessel", "Geometry.Types": "Fixed Station", "Depth.Range..m.": null, "Sample.Locations": "2", "Centroid.Latitude": "40.8543448311032", "Centroid.Longitude": "-124.684705932444", "Gebco.Mean.Depth": "-801.5", "Source.Files": "RR and FIe_SeabirdAbundance_SeabirdSpecies_SeabirdBebavior.csv" }, "geometry": { "type": "Polygon", "coordinates": [ [ [ -124.654264499999982, 40.842467 ], [ -124.6559442, 40.8684405 ], [ -124.686396899999977, 40.8803183 ], [ -124.71515740000001, 40.8662154 ], [ -124.7134564, 40.8402427 ], [ -124.6830162, 40.828372 ], [ -124.654264499999982, 40.842467 ] ] ] } },
{ "type": "Feature", "properties": { "Program.Name": "Farallon Institute", "Full.Program.Name": "Farallon Institute", "Monitoring.Program": "Farallon Institute", "Parameters": "Seabird Abundance; Seabird Behavior; Seabird Species", "EOV.Groups": "Biological", "Parameter.Count": "3", "First.Year": "2014", "Last.Year": "2014", "Years.Sampled": "1", "Frequency": "Annually", "Platform": "Vessel", "Geometry.Types": "Fixed Station", "Depth.Range..m.": null, "Sample.Locations": "1", "Centroid.Latitude": "41.0101953843544", "Centroid.Longitude": "-124.694869817384", "Gebco.Mean.Depth": "-757", "Source.Files": "Transect_SeabirdAbundance_SeabirdSpecies_SeabirdBebavior.csv" }, "geometry": { "type": "Polygon", "coordinates": [ [ [ -124.6643608, 40.9983181 ], [ -124.666047699999979, 41.0242957 ], [ -124.6965681, 41.0361728 ], [ -124.725388899999984, 41.0220653 ], [ -124.72368059999998, 40.9960887 ], [ -124.693172800000013, 40.9842186 ], [ -124.6643608, 40.9983181 ] ] ] } },
{ "type": "Feature", "properties": { "Program.Name": "Farallon Institute", "Full.Program.Name": "Farallon Institute", "Monitoring.Program": "Farallon Institute", "Parameters": "Seabird Abundance; Seabird Behavior; Seabird Species", "EOV.Groups": "Biological", "Parameter.Count": "3", "First.Year": "2014", "Last.Year": "2014", "Years.Sampled": "1", "Frequency": "Annually", "Platform": "Vessel", "Geometry.Types": "Fixed Station", "Depth.Range..m.": null, "Sample.Locations": "1", "Centroid.Latitude": "41.0881297111012", "Centroid.Longitude": "-124.699968302836", "Gebco.Mean.Depth": "-983", "Source.Files": "Transect_SeabirdAbundance_SeabirdSpecies_SeabirdBebavior.csv" }, "geometry": { "type": "Polygon", "coordinates": [ [ [ -124.669425299999986, 41.0762527 ], [ -124.6711159, 41.1022323 ], [ -124.701670299999989, 41.1141092 ], [ -124.730521399999986, 41.0999994 ], [ -124.7288093, 41.0740207 ], [ -124.6982676, 41.0621509 ], [ -124.669425299999986, 41.0762527 ] ] ] } },
{ "type": "Feature", "properties": { "Program.Name": "Farallon Institute", "Full.Program.Name": "Farallon Institute", "Monitoring.Program": "Farallon Institute", "Parameters": "Seabird Abundance; Seabird Behavior; Seabird Species", "EOV.Groups": "Biological", "Parameter.Count": "3", "First.Year": "2017", "Last.Year": "2017", "Years.Sampled": "1", "Frequency": "Annually", "Platform": "Vessel", "Geometry.Types": "Fixed Station", "Depth.Range..m.": null, "Sample.Locations": "1", "Centroid.Latitude": "40.8944147466528", "Centroid.Longitude": "-124.657625092462", "Gebco.Mean.Depth": "-632", "Source.Files": "RR and FIe_SeabirdAbundance_SeabirdSpecies_SeabirdBebavior.csv" }, "geometry": { "type": "Polygon", "coordinates": [ [ [ -124.6271712, 40.8825298 ], [ -124.628842100000014, 40.908504799999989 ], [ -124.659307200000015, 40.9203896 ], [ -124.688089, 40.9062924 ], [ -124.686396899999977, 40.8803183 ], [ -124.6559442, 40.8684405 ], [ -124.6271712, 40.8825298 ] ] ] } },
{ "type": "Feature", "properties": { "Program.Name": "Farallon Institute", "Full.Program.Name": "Farallon Institute", "Monitoring.Program": "Farallon Institute", "Parameters": "Seabird Abundance; Seabird Behavior; Seabird Species", "EOV.Groups": "Biological", "Parameter.Count": "3", "First.Year": "2019", "Last.Year": "2019", "Years.Sampled": "1", "Frequency": "Annually", "Platform": "Vessel", "Geometry.Types": "Fixed Station", "Depth.Range..m.": null, "Sample.Locations": "1", "Centroid.Latitude": "40.9344803795451", "Centroid.Longitude": "-124.630514097359", "Gebco.Mean.Depth": "-591", "Source.Files": "RR and FIe_SeabirdAbundance_SeabirdSpecies_SeabirdBebavior.csv" }, "geometry": { "type": "Polygon", "coordinates": [ [ [ -124.6000478, 40.9225884 ], [ -124.601709700000015, 40.9485647 ], [ -124.6321873, 40.9604566 ], [ -124.6609905, 40.9463651 ], [ -124.659307200000015, 40.9203896 ], [ -124.628842100000014, 40.908504799999989 ], [ -124.6000478, 40.9225884 ] ] ] } },
{ "type": "Feature", "properties": { "Program.Name": "Farallon Institute", "Full.Program.Name": "Farallon Institute", "Monitoring.Program": "Farallon Institute", "Parameters": "Seabird Abundance; Seabird Behavior; Seabird Species", "EOV.Groups": "Biological", "Parameter.Count": "3", "First.Year": "2017", "Last.Year": "2017", "Years.Sampled": "1", "Frequency": "Annually", "Platform": "Vessel", "Geometry.Types": "Fixed Station", "Depth.Range..m.": null, "Sample.Locations": "2", "Centroid.Latitude": "40.896612642725", "Centroid.Longitude": "-124.598386995381", "Gebco.Mean.Depth": "-602.333333333333", "Source.Files": "RR and FIe_SeabirdAbundance_SeabirdSpecies_SeabirdBebavior.csv; Transect_SeabirdAbundance_SeabirdSpecies_SeabirdBebavior.csv" }, "geometry": { "type": "Polygon", "coordinates": [ [ [ -124.567942, 40.8847132 ], [ -124.569591500000016, 40.910689 ], [ -124.6000478, 40.9225884 ], [ -124.628842100000014, 40.908504799999989 ], [ -124.6271712, 40.8825298 ], [ -124.5967274, 40.8706376 ], [ -124.567942, 40.8847132 ] ] ] } },
{ "type": "Feature", "properties": { "Program.Name": "Farallon Institute", "Full.Program.Name": "Farallon Institute", "Monitoring.Program": "Farallon Institute", "Parameters": "Seabird Abundance; Seabird Behavior; Seabird Species", "EOV.Groups": "Biological", "Parameter.Count": "3", "First.Year": "2019", "Last.Year": "2019", "Years.Sampled": "1", "Frequency": "Annually", "Platform": "Vessel", "Geometry.Types": "Fixed Station", "Depth.Range..m.": null, "Sample.Locations": "1", "Centroid.Latitude": "40.9366654902171", "Centroid.Longitude": "-124.571242199929", "Gebco.Mean.Depth": "-597", "Source.Files": "RR and FIe_SeabirdAbundance_SeabirdSpecies_SeabirdBebavior.csv" }, "geometry": { "type": "Polygon", "coordinates": [ [ [ -124.540784699999989, 40.924759 ], [ -124.5424254, 40.9507362 ], [ -124.5728941, 40.9626426 ], [ -124.601709700000015, 40.9485647 ], [ -124.6000478, 40.9225884 ], [ -124.569591500000016, 40.910689 ], [ -124.540784699999989, 40.924759 ] ] ] } },
{ "type": "Feature", "properties": { "Program.Name": "Farallon Institute", "Full.Program.Name": "Farallon Institute", "Monitoring.Program": "Farallon Institute", "Parameters": "Seabird Abundance; Seabird Behavior; Seabird Species", "EOV.Groups": "Biological", "Parameter.Count": "3", "First.Year": "2019", "Last.Year": "2019", "Years.Sampled": "1", "Frequency": "Annually", "Platform": "Vessel", "Geometry.Types": "Fixed Station", "Depth.Range..m.": null, "Sample.Locations": "1", "Centroid.Latitude": "40.9767140530318", "Centroid.Longitude": "-124.544067174557", "Gebco.Mean.Depth": "-596", "Source.Files": "RR and FIe_SeabirdAbundance_SeabirdSpecies_SeabirdBebavior.csv" }, "geometry": { "type": "Polygon", "coordinates": [ [ [ -124.513597300000015, 40.9648004 ], [ -124.515229, 40.990779 ], [ -124.545710199999988, 41.0026926 ], [ -124.5745472, 40.9886204 ], [ -124.5728941, 40.9626426 ], [ -124.5424254, 40.9507362 ], [ -124.513597300000015, 40.9648004 ] ] ] } },
{ "type": "Feature", "properties": { "Program.Name": "Farallon Institute", "Full.Program.Name": "Farallon Institute", "Monitoring.Program": "Farallon Institute", "Parameters": "Seabird Abundance; Seabird Behavior; Seabird Species", "EOV.Groups": "Biological", "Parameter.Count": "3", "First.Year": "2003", "Last.Year": "2003", "Years.Sampled": "1", "Frequency": "Annually", "Platform": "Vessel", "Geometry.Types": "Fixed Station", "Depth.Range..m.": null, "Sample.Locations": "2", "Centroid.Latitude": "35.6652105213789", "Centroid.Longitude": "-121.962956661979", "Gebco.Mean.Depth": "-1160", "Source.Files": "Transect_SeabirdAbundance_SeabirdSpecies_SeabirdBebavior.csv" }, "geometry": { "type": "Polygon", "coordinates": [ [ [ -121.9349925, 35.6526825 ], [ -121.9356441, 35.678663799999988 ], [ -121.963617700000015, 35.6911915 ], [ -121.990929900000012, 35.6777318 ], [ -121.990259699999982, 35.6517508 ], [ -121.962296, 35.6392291 ], [ -121.9349925, 35.6526825 ] ] ] } },
{ "type": "Feature", "properties": { "Program.Name": "Farallon Institute", "Full.Program.Name": "Farallon Institute", "Monitoring.Program": "Farallon Institute", "Parameters": "Seabird Abundance; Seabird Behavior; Seabird Species", "EOV.Groups": "Biological", "Parameter.Count": "3", "First.Year": "2008", "Last.Year": "2008", "Years.Sampled": "1", "Frequency": "Annually", "Platform": "Vessel", "Geometry.Types": "Fixed Station", "Depth.Range..m.": null, "Sample.Locations": "1", "Centroid.Latitude": "35.6267007032686", "Centroid.Longitude": "-121.934341418024", "Gebco.Mean.Depth": "-1033", "Source.Files": "Transect_SeabirdAbundance_SeabirdSpecies_SeabirdBebavior.csv" }, "geometry": { "type": "Polygon", "coordinates": [ [ [ -121.9063959, 35.6141655 ], [ -121.9070375, 35.6401476 ], [ -121.9349925, 35.6526825 ], [ -121.962296, 35.6392291 ], [ -121.96163580000001, 35.6132473 ], [ -121.9336907, 35.6007185 ], [ -121.9063959, 35.6141655 ] ] ] } },
{ "type": "Feature", "properties": { "Program.Name": "Farallon Institute", "Full.Program.Name": "Farallon Institute", "Monitoring.Program": "Farallon Institute", "Parameters": "Seabird Abundance; Seabird Behavior; Seabird Species", "EOV.Groups": "Biological", "Parameter.Count": "3", "First.Year": "2008", "Last.Year": "2008", "Years.Sampled": "1", "Frequency": "Annually", "Platform": "Vessel", "Geometry.Types": "Fixed Station", "Depth.Range..m.": null, "Sample.Locations": "1", "Centroid.Latitude": "35.6661292492766", "Centroid.Longitude": "-121.907679519996", "Gebco.Mean.Depth": "-1052", "Source.Files": "Transect_SeabirdAbundance_SeabirdSpecies_SeabirdBebavior.csv" }, "geometry": { "type": "Polygon", "coordinates": [ [ [ -121.879724, 35.6535879 ], [ -121.880357, 35.6795695 ], [ -121.908322, 35.6921105 ], [ -121.9356441, 35.678663799999988 ], [ -121.9349925, 35.6526825 ], [ -121.9070375, 35.6401476 ], [ -121.879724, 35.6535879 ] ] ] } },
{ "type": "Feature", "properties": { "Program.Name": "Farallon Institute", "Full.Program.Name": "Farallon Institute", "Monitoring.Program": "Farallon Institute", "Parameters": "Seabird Abundance; Seabird Behavior; Seabird Species", "EOV.Groups": "Biological", "Parameter.Count": "3", "First.Year": "2008", "Last.Year": "2008", "Years.Sampled": "1", "Frequency": "Annually", "Platform": "Vessel", "Geometry.Types": "Fixed Station", "Depth.Range..m.": null, "Sample.Locations": "1", "Centroid.Latitude": "35.5496570250901", "Centroid.Longitude": "-121.877196477136", "Gebco.Mean.Depth": "-1024", "Source.Files": "Transect_SeabirdAbundance_SeabirdSpecies_SeabirdBebavior.csv" }, "geometry": { "type": "Polygon", "coordinates": [ [ [ -121.84928810000001, 35.537107399999989 ], [ -121.849909799999978, 35.563091199999988 ], [ -121.8778277, 35.5756404 ], [ -121.905114, 35.5621998 ], [ -121.904473599999989, 35.5362163 ], [ -121.8765656, 35.5236731 ], [ -121.84928810000001, 35.537107399999989 ] ] ] } },
{ "type": "Feature", "properties": { "Program.Name": "Farallon Institute", "Full.Program.Name": "Farallon Institute", "Monitoring.Program": "Farallon Institute", "Parameters": "Seabird Abundance; Seabird Behavior; Seabird Species", "EOV.Groups": "Biological", "Parameter.Count": "3", "First.Year": "2008", "Last.Year": "2008", "Years.Sampled": "1", "Frequency": "Annually", "Platform": "Vessel", "Geometry.Types": "Fixed Station", "Depth.Range..m.": null, "Sample.Locations": "1", "Centroid.Latitude": "35.6276058782755", "Centroid.Longitude": "-121.87909150898", "Gebco.Mean.Depth": "-1064", "Source.Files": "Transect_SeabirdAbundance_SeabirdSpecies_SeabirdBebavior.csv" }, "geometry": { "type": "Polygon", "coordinates": [ [ [ -121.8511546, 35.6150574 ], [ -121.8517776, 35.6410398 ], [ -121.879724, 35.6535879 ], [ -121.9070375, 35.6401476 ], [ -121.9063959, 35.6141655 ], [ -121.878459400000011, 35.6016234 ], [ -121.8511546, 35.6150574 ] ] ] } },
{ "type": "Feature", "properties": { "Program.Name": "Farallon Institute", "Full.Program.Name": "Farallon Institute", "Monitoring.Program": "Farallon Institute", "Parameters": "Seabird Abundance; Seabird Behavior; Seabird Species", "EOV.Groups": "Biological", "Parameter.Count": "3", "First.Year": "2007", "Last.Year": "2016", "Years.Sampled": "10", "Frequency": "Annually", "Platform": "Vessel", "Geometry.Types": "Fixed Station", "Depth.Range..m.": null, "Sample.Locations": "10", "Centroid.Latitude": "35.7055506712276", "Centroid.Longitude": "-121.880990370261", "Gebco.Mean.Depth": "-1062.25", "Source.Files": "RR and FIe_SeabirdAbundance_SeabirdSpecies_SeabirdBebavior.csv; Transect_SeabirdAbundance_SeabirdSpecies_SeabirdBebavior.csv" }, "geometry": { "type": "Polygon", "coordinates": [ [ [ -121.8530249, 35.6930033 ], [ -121.8536492, 35.718984299999988 ], [ -121.881624199999976, 35.7315314 ], [ -121.9089649, 35.7180913 ], [ -121.908322, 35.6921105 ], [ -121.880357, 35.6795695 ], [ -121.8530249, 35.6930033 ] ] ] } },
{ "type": "Feature", "properties": { "Program.Name": "Farallon Institute", "Full.Program.Name": "Farallon Institute", "Monitoring.Program": "Farallon Institute", "Parameters": "Seabird Abundance; Seabird Behavior; Seabird Species", "EOV.Groups": "Biological", "Parameter.Count": "3", "First.Year": "2007", "Last.Year": "2016", "Years.Sampled": "10", "Frequency": "Annually", "Platform": "Vessel", "Geometry.Types": "Fixed Station", "Depth.Range..m.": null, "Sample.Locations": "10", "Centroid.Latitude": "35.6670217388447", "Centroid.Longitude": "-121.852401080832", "Gebco.Mean.Depth": "-1024.69230769231", "Source.Files": "RR and FIe_SeabirdAbundance_SeabirdSpecies_SeabirdBebavior.csv; Transect_SeabirdAbundance_SeabirdSpecies_SeabirdBebavior.csv" }, "geometry": { "type": "Polygon", "coordinates": [ [ [ -121.8244543, 35.6544672 ], [ -121.8250686, 35.680449 ], [ -121.8530249, 35.6930033 ], [ -121.880357, 35.6795695 ], [ -121.879724, 35.6535879 ], [ -121.8517776, 35.6410398 ], [ -121.8244543, 35.6544672 ] ] ] } },
{ "type": "Feature", "properties": { "Program.Name": "Farallon Institute", "Full.Program.Name": "Farallon Institute", "Monitoring.Program": "Farallon Institute", "Parameters": "Seabird Abundance; Seabird Behavior; Seabird Species", "EOV.Groups": "Biological", "Parameter.Count": "3", "First.Year": "2008", "Last.Year": "2008", "Years.Sampled": "1", "Frequency": "Annually", "Platform": "Vessel", "Geometry.Types": "Fixed Station", "Depth.Range..m.": null, "Sample.Locations": "1", "Centroid.Latitude": "35.5505351337204", "Centroid.Longitude": "-121.822000983625", "Gebco.Mean.Depth": "-1022", "Source.Files": "Transect_SeabirdAbundance_SeabirdSpecies_SeabirdBebavior.csv" }, "geometry": { "type": "Polygon", "coordinates": [ [ [ -121.794101200000014, 35.5379723 ], [ -121.7947044, 35.5639563 ], [ -121.8226137, 35.5765188 ], [ -121.849909799999978, 35.563091199999988 ], [ -121.84928810000001, 35.537107399999989 ], [ -121.821388700000014, 35.524551 ], [ -121.794101200000014, 35.5379723 ] ] ] } },
{ "type": "Feature", "properties": { "Program.Name": "Farallon Institute", "Full.Program.Name": "Farallon Institute", "Monitoring.Program": "Farallon Institute", "Parameters": "Seabird Abundance; Seabird Behavior; Seabird Species", "EOV.Groups": "Biological", "Parameter.Count": "3", "First.Year": "2006", "Last.Year": "2017", "Years.Sampled": "12", "Frequency": "Annually", "Platform": "Vessel", "Geometry.Types": "Fixed Station", "Depth.Range..m.": null, "Sample.Locations": "9", "Centroid.Latitude": "35.6284848270686", "Centroid.Longitude": "-121.823840323458", "Gebco.Mean.Depth": "-989.272727272727", "Source.Files": "RR and FIe_SeabirdAbundance_SeabirdSpecies_SeabirdBebavior.csv; Transect_SeabirdAbundance_SeabirdSpecies_SeabirdBebavior.csv" }, "geometry": { "type": "Polygon", "coordinates": [ [ [ -121.7959121, 35.6159231 ], [ -121.796516499999981, 35.6419058 ], [ -121.8244543, 35.6544672 ], [ -121.8517776, 35.6410398 ], [ -121.8511546, 35.6150574 ], [ -121.8232268, 35.6025021 ], [ -121.7959121, 35.6159231 ] ] ] } },
{ "type": "Feature", "properties": { "Program.Name": "Farallon Institute", "Full.Program.Name": "Farallon Institute", "Monitoring.Program": "Farallon Institute", "Parameters": "Seabird Abundance; Seabird Behavior; Seabird Species", "EOV.Groups": "Biological", "Parameter.Count": "3", "First.Year": "2004", "Last.Year": "2016", "Years.Sampled": "13", "Frequency": "Annually", "Platform": "Vessel", "Geometry.Types": "Fixed Station", "Depth.Range..m.": null, "Sample.Locations": "4", "Centroid.Latitude": "35.5899399296494", "Centroid.Longitude": "-121.795308060623", "Gebco.Mean.Depth": "-969", "Source.Files": "RR and FIe_SeabirdAbundance_SeabirdSpecies_SeabirdBebavior.csv; Transect_SeabirdAbundance_SeabirdSpecies_SeabirdBebavior.csv" }, "geometry": { "type": "Polygon", "coordinates": [ [ [ -121.7673984, 35.577371 ], [ -121.767993, 35.6033545 ], [ -121.7959121, 35.6159231 ], [ -121.8232268, 35.6025021 ], [ -121.8226137, 35.5765188 ], [ -121.7947044, 35.5639563 ], [ -121.7673984, 35.577371 ] ] ] } },
{ "type": "Feature", "properties": { "Program.Name": "Farallon Institute", "Full.Program.Name": "Farallon Institute", "Monitoring.Program": "Farallon Institute", "Parameters": "Seabird Abundance; Seabird Behavior; Seabird Species", "EOV.Groups": "Biological", "Parameter.Count": "3", "First.Year": "2004", "Last.Year": "2018", "Years.Sampled": "15", "Frequency": "Annually", "Platform": "Vessel", "Geometry.Types": "Fixed Station", "Depth.Range..m.": null, "Sample.Locations": "4", "Centroid.Latitude": "35.667887989219", "Centroid.Longitude": "-121.797121382027", "Gebco.Mean.Depth": "-980.6", "Source.Files": "RR and FIe_SeabirdAbundance_SeabirdSpecies_SeabirdBebavior.csv; Transect_SeabirdAbundance_SeabirdSpecies_SeabirdBebavior.csv" }, "geometry": { "type": "Polygon", "coordinates": [ [ [ -121.7691832, 35.6553201 ], [ -121.769779, 35.6813023 ], [ -121.7977266, 35.6938698 ], [ -121.8250686, 35.680449 ], [ -121.8244543, 35.6544672 ], [ -121.796516499999981, 35.6419058 ], [ -121.7691832, 35.6553201 ] ] ] } },
{ "type": "Feature", "properties": { "Program.Name": "Farallon Institute", "Full.Program.Name": "Farallon Institute", "Monitoring.Program": "Farallon Institute", "Parameters": "Seabird Abundance; Seabird Behavior; Seabird Species", "EOV.Groups": "Biological", "Parameter.Count": "3", "First.Year": "2004", "Last.Year": "2019", "Years.Sampled": "16", "Frequency": "Annually", "Platform": "Vessel", "Geometry.Types": "Fixed Station", "Depth.Range..m.": null, "Sample.Locations": "16", "Centroid.Latitude": "35.5513870403222", "Centroid.Longitude": "-121.766804254866", "Gebco.Mean.Depth": "-985.47619047619", "Source.Files": "RR and FIe_SeabirdAbundance_SeabirdSpecies_SeabirdBebavior.csv; Transect_SeabirdAbundance_SeabirdSpecies_SeabirdBebavior.csv" }, "geometry": { "type": "Polygon", "coordinates": [ [ [ -121.738913200000013, 35.5388109 ], [ -121.7394978, 35.5647953 ], [ -121.7673984, 35.577371 ], [ -121.7947044, 35.5639563 ], [ -121.794101200000014, 35.5379723 ], [ -121.7662105, 35.5254026 ], [ -121.738913200000013, 35.5388109 ] ] ] } },
{ "type": "Feature", "properties": { "Program.Name": "Farallon Institute", "Full.Program.Name": "Farallon Institute", "Monitoring.Program": "Farallon Institute", "Parameters": "Seabird Abundance; Seabird Behavior; Seabird Species", "EOV.Groups": "Biological", "Parameter.Count": "3", "First.Year": "2004", "Last.Year": "2018", "Years.Sampled": "15", "Frequency": "Annually", "Platform": "Vessel", "Geometry.Types": "Fixed Station", "Depth.Range..m.": null, "Sample.Locations": "3", "Centroid.Latitude": "35.6293375487986", "Centroid.Longitude": "-121.768587898944", "Gebco.Mean.Depth": "-954", "Source.Files": "RR and FIe_SeabirdAbundance_SeabirdSpecies_SeabirdBebavior.csv; Transect_SeabirdAbundance_SeabirdSpecies_SeabirdBebavior.csv" }, "geometry": { "type": "Polygon", "coordinates": [ [ [ -121.7406684, 35.6167625 ], [ -121.7412542, 35.6427455 ], [ -121.7691832, 35.6553201 ], [ -121.796516499999981, 35.6419058 ], [ -121.7959121, 35.6159231 ], [ -121.767993, 35.6033545 ], [ -121.7406684, 35.6167625 ] ] ] } },
{ "type": "Feature", "properties": { "Program.Name": "Farallon Institute", "Full.Program.Name": "Farallon Institute", "Monitoring.Program": "Farallon Institute", "Parameters": "Seabird Abundance; Seabird Behavior; Seabird Species", "EOV.Groups": "Biological", "Parameter.Count": "3", "First.Year": "2008", "Last.Year": "2019", "Years.Sampled": "12", "Frequency": "Annually", "Platform": "Vessel", "Geometry.Types": "Fixed Station", "Depth.Range..m.": null, "Sample.Locations": "9", "Centroid.Latitude": "35.5128261528074", "Centroid.Longitude": "-121.73832886878", "Gebco.Mean.Depth": "-1004.09090909091", "Source.Files": "RR and FIe_SeabirdAbundance_SeabirdSpecies_SeabirdBebavior.csv; Transect_SeabirdAbundance_SeabirdSpecies_SeabirdBebavior.csv" }, "geometry": { "type": "Polygon", "coordinates": [ [ [ -121.7104563, 35.500242899999989 ], [ -121.711031099999985, 35.5262281 ], [ -121.738913200000013, 35.5388109 ], [ -121.7662105, 35.5254026 ], [ -121.7656172, 35.4994177 ], [ -121.737745, 35.4868409 ], [ -121.7104563, 35.500242899999989 ] ] ] } },
{ "type": "Feature", "properties": { "Program.Name": "Farallon Institute", "Full.Program.Name": "Farallon Institute", "Monitoring.Program": "Farallon Institute", "Parameters": "Seabird Abundance; Seabird Behavior; Seabird Species", "EOV.Groups": "Biological", "Parameter.Count": "3", "First.Year": "2017", "Last.Year": "2018", "Years.Sampled": "2", "Frequency": "Annually", "Platform": "Vessel", "Geometry.Types": "Fixed Station", "Depth.Range..m.": null, "Sample.Locations": "5", "Centroid.Latitude": "35.5907791358499", "Centroid.Longitude": "-121.740082893502", "Gebco.Mean.Depth": "-947", "Source.Files": "RR and FIe_SeabirdAbundance_SeabirdSpecies_SeabirdBebavior.csv; Transect_SeabirdAbundance_SeabirdSpecies_SeabirdBebavior.csv" }, "geometry": { "type": "Polygon", "coordinates": [ [ [ -121.7121819, 35.578197 ], [ -121.7127579, 35.6041807 ], [ -121.7406684, 35.6167625 ], [ -121.767993, 35.6033545 ], [ -121.7673984, 35.577371 ], [ -121.7394978, 35.5647953 ], [ -121.7121819, 35.578197 ] ] ] } },
{ "type": "Feature", "properties": { "Program.Name": "Farallon Institute", "Full.Program.Name": "Farallon Institute", "Monitoring.Program": "Farallon Institute", "Parameters": "Seabird Abundance; Seabird Behavior; Seabird Species", "EOV.Groups": "Biological", "Parameter.Count": "3", "First.Year": "2016", "Last.Year": "2019", "Years.Sampled": "4", "Frequency": "Annually", "Platform": "Vessel", "Geometry.Types": "Fixed Station", "Depth.Range..m.": null, "Sample.Locations": "3", "Centroid.Latitude": "35.4742572608104", "Centroid.Longitude": "-121.709881865013", "Gebco.Mean.Depth": "-1050", "Source.Files": "RR and FIe_SeabirdAbundance_SeabirdSpecies_SeabirdBebavior.csv" }, "geometry": { "type": "Polygon", "coordinates": [ [ [ -121.6820278, 35.4616668 ], [ -121.6825928, 35.4876528 ], [ -121.7104563, 35.500242899999989 ], [ -121.737745, 35.4868409 ], [ -121.7371615, 35.4608551 ], [ -121.7093078, 35.4482711 ], [ -121.6820278, 35.4616668 ] ] ] } },
{ "type": "Feature", "properties": { "Program.Name": "Farallon Institute", "Full.Program.Name": "Farallon Institute", "Monitoring.Program": "Farallon Institute", "Parameters": "Seabird Abundance; Seabird Behavior; Seabird Species", "EOV.Groups": "Biological", "Parameter.Count": "3", "First.Year": "2004", "Last.Year": "2018", "Years.Sampled": "15", "Frequency": "Annually", "Platform": "Vessel", "Geometry.Types": "Fixed Station", "Depth.Range..m.": null, "Sample.Locations": "8", "Centroid.Latitude": "35.5522127440754", "Centroid.Longitude": "-121.711606328236", "Gebco.Mean.Depth": "-952.875", "Source.Files": "RR and FIe_SeabirdAbundance_SeabirdSpecies_SeabirdBebavior.csv; Transect_SeabirdAbundance_SeabirdSpecies_SeabirdBebavior.csv" }, "geometry": { "type": "Polygon", "coordinates": [ [ [ -121.6837239, 35.5396234 ], [ -121.68429, 35.565608 ], [ -121.7121819, 35.578197 ], [ -121.7394978, 35.5647953 ], [ -121.738913200000013, 35.5388109 ], [ -121.711031099999985, 35.5262281 ], [ -121.6837239, 35.5396234 ] ] ] } },
{ "type": "Feature", "properties": { "Program.Name": "Farallon Institute", "Full.Program.Name": "Farallon Institute", "Monitoring.Program": "Farallon Institute", "Parameters": "Seabird Abundance; Seabird Behavior; Seabird Species", "EOV.Groups": "Biological", "Parameter.Count": "3", "First.Year": "2004", "Last.Year": "2019", "Years.Sampled": "16", "Frequency": "Annually", "Platform": "Vessel", "Geometry.Types": "Fixed Station", "Depth.Range..m.": null, "Sample.Locations": "8", "Centroid.Latitude": "35.5136383671626", "Centroid.Longitude": "-121.683158165733", "Gebco.Mean.Depth": "-971.666666666667", "Source.Files": "RR and FIe_SeabirdAbundance_SeabirdSpecies_SeabirdBebavior.csv; Transect_SeabirdAbundance_SeabirdSpecies_SeabirdBebavior.csv" }, "geometry": { "type": "Polygon", "coordinates": [ [ [ -121.6552943, 35.5010419 ], [ -121.6558506, 35.5270273 ], [ -121.6837239, 35.5396234 ], [ -121.711031099999985, 35.5262281 ], [ -121.7104563, 35.500242899999989 ], [ -121.6825928, 35.4876528 ], [ -121.6552943, 35.5010419 ] ] ] } },
{ "type": "Feature", "properties": { "Program.Name": "Farallon Institute", "Full.Program.Name": "Farallon Institute", "Monitoring.Program": "Farallon Institute", "Parameters": "Seabird Abundance; Seabird Behavior; Seabird Species", "EOV.Groups": "Biological", "Parameter.Count": "3", "First.Year": "2004", "Last.Year": "2022", "Years.Sampled": "19", "Frequency": "Annually", "Platform": "Vessel", "Geometry.Types": "Fixed Station", "Depth.Range..m.": null, "Sample.Locations": "7", "Centroid.Latitude": "35.4750559987842", "Centroid.Longitude": "-121.654738368637", "Gebco.Mean.Depth": "-1059.33333333333", "Source.Files": "CalCOFI & FI_SeabirdAbundance_SeabirdSpecies_SeabirdBebavior.csv; RR and FIe_SeabirdAbundance_SeabirdSpecies_SeabirdBebavior.csv; Transect_SeabirdAbundance_SeabirdSpecies_SeabirdBebavior.csv" }, "geometry": { "type": "Polygon", "coordinates": [ [ [ -121.626893, 35.4624524 ], [ -121.6274395, 35.4884386 ], [ -121.6552943, 35.5010419 ], [ -121.6825928, 35.4876528 ], [ -121.6820278, 35.4616668 ], [ -121.6541828, 35.4490696 ], [ -121.626893, 35.4624524 ] ] ] } },
{ "type": "Feature", "properties": { "Program.Name": "Farallon Institute", "Full.Program.Name": "Farallon Institute", "Monitoring.Program": "Farallon Institute", "Parameters": "Seabird Abundance; Seabird Behavior; Seabird Species", "EOV.Groups": "Biological", "Parameter.Count": "3", "First.Year": "2004", "Last.Year": "2022", "Years.Sampled": "19", "Frequency": "Annually", "Platform": "Vessel", "Geometry.Types": "Fixed Station", "Depth.Range..m.": null, "Sample.Locations": "9", "Centroid.Latitude": "35.5530122441849", "Centroid.Longitude": "-121.656407241117", "Gebco.Mean.Depth": "-941.809523809524", "Source.Files": "RR and FIe_SeabirdAbundance_SeabirdSpecies_SeabirdBebavior.csv; Transect_SeabirdAbundance_SeabirdSpecies_SeabirdBebavior.csv" }, "geometry": { "type": "Polygon", "coordinates": [ [ [ -121.628533499999975, 35.5404097 ], [ -121.6290811, 35.5663945 ], [ -121.656964299999984, 35.5789967 ], [ -121.68429, 35.565608 ], [ -121.6837239, 35.5396234 ], [ -121.6558506, 35.5270273 ], [ -121.628533499999975, 35.5404097 ] ] ] } },
{ "type": "Feature", "properties": { "Program.Name": "Farallon Institute", "Full.Program.Name": "Farallon Institute", "Monitoring.Program": "Farallon Institute", "Parameters": "Seabird Abundance; Seabird Behavior; Seabird Species", "EOV.Groups": "Biological", "Parameter.Count": "3", "First.Year": "2006", "Last.Year": "2022", "Years.Sampled": "17", "Frequency": "Annually", "Platform": "Vessel", "Geometry.Types": "Fixed Station", "Depth.Range..m.": null, "Sample.Locations": "11", "Centroid.Latitude": "35.5144243899725", "Centroid.Longitude": "-121.627986322616", "Gebco.Mean.Depth": "-948.489361702128", "Source.Files": "RR and FIe_SeabirdAbundance_SeabirdSpecies_SeabirdBebavior.csv; Transect_SeabirdAbundance_SeabirdSpecies_SeabirdBebavior.csv" }, "geometry": { "type": "Polygon", "coordinates": [ [ [ -121.6001312, 35.5018147 ], [ -121.600668899999988, 35.5278003 ], [ -121.628533499999975, 35.5404097 ], [ -121.6558506, 35.5270273 ], [ -121.6552943, 35.5010419 ], [ -121.6274395, 35.4884386 ], [ -121.6001312, 35.5018147 ] ] ] } },
{ "type": "Feature", "properties": { "Program.Name": "Farallon Institute", "Full.Program.Name": "Farallon Institute", "Monitoring.Program": "Farallon Institute", "Parameters": "Seabird Abundance; Seabird Behavior; Seabird Species", "EOV.Groups": "Biological", "Parameter.Count": "3", "First.Year": "2003", "Last.Year": "2022", "Years.Sampled": "20", "Frequency": "Annually", "Platform": "Vessel", "Geometry.Types": "Fixed Station", "Depth.Range..m.": null, "Sample.Locations": "9", "Centroid.Latitude": "35.4758285572955", "Centroid.Longitude": "-121.599593752549", "Gebco.Mean.Depth": "-986.068965517241", "Source.Files": "CalCOFI & FI_SeabirdAbundance_SeabirdSpecies_SeabirdBebavior.csv; RR and FIe_SeabirdAbundance_SeabirdSpecies_SeabirdBebavior.csv; Transect_SeabirdAbundance_SeabirdSpecies_SeabirdBebavior.csv" }, "geometry": { "type": "Polygon", "coordinates": [ [ [ -121.5717571, 35.4632117 ], [ -121.5722851, 35.4891982 ], [ -121.6001312, 35.5018147 ], [ -121.6274395, 35.4884386 ], [ -121.626893, 35.4624524 ], [ -121.5990567, 35.4498419 ], [ -121.5717571, 35.4632117 ] ] ] } },
{ "type": "Feature", "properties": { "Program.Name": "Farallon Institute", "Full.Program.Name": "Farallon Institute", "Monitoring.Program": "Farallon Institute", "Parameters": "Seabird Abundance; Seabird Behavior; Seabird Species", "EOV.Groups": "Biological", "Parameter.Count": "3", "First.Year": "2004", "Last.Year": "2015", "Years.Sampled": "12", "Frequency": "Annually", "Platform": "Vessel", "Geometry.Types": "Fixed Station", "Depth.Range..m.": null, "Sample.Locations": "2", "Centroid.Latitude": "35.5537855398808", "Centroid.Longitude": "-121.601207030897", "Gebco.Mean.Depth": "-898.5", "Source.Files": "Transect_SeabirdAbundance_SeabirdSpecies_SeabirdBebavior.csv" }, "geometry": { "type": "Polygon", "coordinates": [ [ [ -121.573342, 35.5411698 ], [ -121.573871099999977, 35.5671548 ], [ -121.6017455, 35.5797703 ], [ -121.6290811, 35.5663945 ], [ -121.628533499999975, 35.5404097 ], [ -121.600668899999988, 35.5278003 ], [ -121.573342, 35.5411698 ] ] ] } },
{ "type": "Feature", "properties": { "Program.Name": "Farallon Institute", "Full.Program.Name": "Farallon Institute", "Monitoring.Program": "Farallon Institute", "Parameters": "Seabird Abundance; Seabird Behavior; Seabird Species", "EOV.Groups": "Biological", "Parameter.Count": "3", "First.Year": "2013", "Last.Year": "2013", "Years.Sampled": "1", "Frequency": "Annually", "Platform": "Vessel", "Geometry.Types": "Fixed Station", "Depth.Range..m.": null, "Sample.Locations": "2", "Centroid.Latitude": "35.4372247397795", "Centroid.Longitude": "-121.571229493609", "Gebco.Mean.Depth": "-988", "Source.Files": "Transect_SeabirdAbundance_SeabirdSpecies_SeabirdBebavior.csv" }, "geometry": { "type": "Polygon", "coordinates": [ [ [ -121.543411299999988, 35.4246008 ], [ -121.5439295, 35.4505881 ], [ -121.5717571, 35.4632117 ], [ -121.5990567, 35.4498419 ], [ -121.59852, 35.4238548 ], [ -121.5707022, 35.4112373 ], [ -121.543411299999988, 35.4246008 ] ] ] } },
{ "type": "Feature", "properties": { "Program.Name": "Farallon Institute", "Full.Program.Name": "Farallon Institute", "Monitoring.Program": "Farallon Institute", "Parameters": "Seabird Abundance; Seabird Behavior; Seabird Species", "EOV.Groups": "Biological", "Parameter.Count": "3", "First.Year": "2016", "Last.Year": "2016", "Years.Sampled": "1", "Frequency": "Annually", "Platform": "Vessel", "Geometry.Types": "Fixed Station", "Depth.Range..m.": null, "Sample.Locations": "1", "Centroid.Latitude": "35.5151842204816", "Centroid.Longitude": "-121.57281337676", "Gebco.Mean.Depth": "-904", "Source.Files": "RR and FIe_SeabirdAbundance_SeabirdSpecies_SeabirdBebavior.csv" }, "geometry": { "type": "Polygon", "coordinates": [ [ [ -121.5449669, 35.5025613 ], [ -121.5454862, 35.5285472 ], [ -121.573342, 35.5411698 ], [ -121.600668899999988, 35.5278003 ], [ -121.6001312, 35.5018147 ], [ -121.5722851, 35.4891982 ], [ -121.5449669, 35.5025613 ] ] ] } },
{ "type": "Feature", "properties": { "Program.Name": "Farallon Institute", "Full.Program.Name": "Farallon Institute", "Monitoring.Program": "Farallon Institute", "Parameters": "Seabird Abundance; Seabird Behavior; Seabird Species", "EOV.Groups": "Biological", "Parameter.Count": "3", "First.Year": "2001", "Last.Year": "2022", "Years.Sampled": "22", "Frequency": "Annually", "Platform": "Vessel", "Geometry.Types": "Fixed Station", "Depth.Range..m.": null, "Sample.Locations": "2", "Centroid.Latitude": "35.4765749356032", "Centroid.Longitude": "-121.544448054029", "Gebco.Mean.Depth": "-916", "Source.Files": "CalCOFI & FI_SeabirdAbundance_SeabirdSpecies_SeabirdBebavior.csv; Transect_SeabirdAbundance_SeabirdSpecies_SeabirdBebavior.csv" }, "geometry": { "type": "Polygon", "coordinates": [ [ [ -121.516620099999983, 35.4639449 ], [ -121.517129599999976, 35.4899316 ], [ -121.5449669, 35.5025613 ], [ -121.5722851, 35.4891982 ], [ -121.5717571, 35.4632117 ], [ -121.5439295, 35.4505881 ], [ -121.516620099999983, 35.4639449 ] ] ] } },
{ "type": "Feature", "properties": { "Program.Name": "NOAA GBTS", "Full.Program.Name": "National Oceanic and Atmospheric Administration -  West Coast Groundfish Bottom Trawl Survey", "Monitoring.Program": "NOAA GBTS", "Parameters": "Fish Abundance and Distribution; Fish Biomass; Invertebrate Biomass; Temperature; Trophic Structure", "EOV.Groups": "Biological; Physical", "Parameter.Count": "5", "First.Year": "2023", "Last.Year": "2023", "Years.Sampled": "1", "Frequency": "Annually", "Platform": "Vessel", "Geometry.Types": "Fixed Station", "Depth.Range..m.": null, "Sample.Locations": "1", "Centroid.Latitude": "40.9678559834599", "Centroid.Longitude": "-124.78126826607", "Gebco.Mean.Depth": "-859", "Source.Files": "NOAA_GBTS_Depth_Biomass_TrophicStructure_FishAbundance.csv; NOAA_GBTS_InvertebrateBiomass_FishBiomass_WaterQuality.csv" }, "geometry": { "type": "Polygon", "coordinates": [ [ [ -124.7507629, 40.9560003 ], [ -124.752480100000014, 40.9819755 ], [ -124.7829967, 40.9938311 ], [ -124.811783699999978, 40.9797043 ], [ -124.8100451, 40.95373 ], [ -124.779541, 40.9418815 ], [ -124.7507629, 40.9560003 ] ] ] } },
{ "type": "Feature", "properties": { "Program.Name": "NOAA GBTS", "Full.Program.Name": "National Oceanic and Atmospheric Administration -  West Coast Groundfish Bottom Trawl Survey", "Monitoring.Program": "NOAA GBTS", "Parameters": "Fish Abundance and Distribution; Fish Biomass; Invertebrate Biomass; Temperature; Trophic Structure", "EOV.Groups": "Biological; Physical", "Parameter.Count": "5", "First.Year": "2023", "Last.Year": "2023", "Years.Sampled": "1", "Frequency": "Annually", "Platform": "Vessel", "Geometry.Types": "Fixed Station", "Depth.Range..m.": null, "Sample.Locations": "1", "Centroid.Latitude": "40.9701127045147", "Centroid.Longitude": "-124.721973492998", "Gebco.Mean.Depth": "-744", "Source.Files": "NOAA_GBTS_Depth_Biomass_TrophicStructure_FishAbundance.csv; NOAA_GBTS_InvertebrateBiomass_FishBiomass_WaterQuality.csv" }, "geometry": { "type": "Polygon", "coordinates": [ [ [ -124.691477, 40.9582426 ], [ -124.693172800000013, 40.9842186 ], [ -124.72368059999998, 40.9960887 ], [ -124.752480100000014, 40.9819755 ], [ -124.7507629, 40.9560003 ], [ -124.7202676, 40.9441374 ], [ -124.691477, 40.9582426 ] ] ] } },
{ "type": "Feature", "properties": { "Program.Name": "NOAA GBTS", "Full.Program.Name": "National Oceanic and Atmospheric Administration -  West Coast Groundfish Bottom Trawl Survey", "Monitoring.Program": "NOAA GBTS", "Parameters": "Fish Abundance and Distribution; Fish Biomass; Invertebrate Biomass; Temperature; Trophic Structure", "EOV.Groups": "Biological; Physical", "Parameter.Count": "5", "First.Year": "2023", "Last.Year": "2023", "Years.Sampled": "1", "Frequency": "Annually", "Platform": "Vessel", "Geometry.Types": "Fixed Station", "Depth.Range..m.": null, "Sample.Locations": "1", "Centroid.Latitude": "41.0145988465929", "Centroid.Longitude": "-124.576201457888", "Gebco.Mean.Depth": "-646", "Source.Files": "NOAA_GBTS_Depth_Biomass_TrophicStructure_FishAbundance.csv; NOAA_GBTS_InvertebrateBiomass_FishBiomass_WaterQuality.csv" }, "geometry": { "type": "Polygon", "coordinates": [ [ [ -124.545710199999988, 41.0026926 ], [ -124.5473544, 41.0286718 ], [ -124.577856900000015, 41.040578 ], [ -124.6067028, 41.0264978 ], [ -124.6050373, 41.0005194 ], [ -124.5745472, 40.9886204 ], [ -124.545710199999988, 41.0026926 ] ] ] } },
{ "type": "Feature", "properties": { "Program.Name": "NOAA GBTS", "Full.Program.Name": "National Oceanic and Atmospheric Administration -  West Coast Groundfish Bottom Trawl Survey", "Monitoring.Program": "NOAA GBTS", "Parameters": "Fish Abundance and Distribution; Fish Biomass; Invertebrate Biomass; Temperature; Trophic Structure", "EOV.Groups": "Biological; Physical", "Parameter.Count": "5", "First.Year": "2023", "Last.Year": "2023", "Years.Sampled": "1", "Frequency": "Annually", "Platform": "Vessel", "Geometry.Types": "Fixed Station", "Depth.Range..m.": null, "Sample.Locations": "1", "Centroid.Latitude": "41.0925383129903", "Centroid.Longitude": "-124.581171479567", "Gebco.Mean.Depth": "-870", "Source.Files": "NOAA_GBTS_Depth_Biomass_TrophicStructure_FishAbundance.csv; NOAA_GBTS_InvertebrateBiomass_FishBiomass_WaterQuality.csv" }, "geometry": { "type": "Polygon", "coordinates": [ [ [ -124.5506463, 41.0806323 ], [ -124.552294, 41.1066136 ], [ -124.5828306, 41.1185195 ], [ -124.6117068, 41.104437 ], [ -124.610037599999984, 41.0784566 ], [ -124.579513600000013, 41.0665578 ], [ -124.5506463, 41.0806323 ] ] ] } },
{ "type": "Feature", "properties": { "Program.Name": "NOAA GBTS", "Full.Program.Name": "National Oceanic and Atmospheric Administration -  West Coast Groundfish Bottom Trawl Survey", "Monitoring.Program": "NOAA GBTS", "Parameters": "Fish Abundance and Distribution; Fish Biomass; Invertebrate Biomass; Temperature; Trophic Structure", "EOV.Groups": "Biological; Physical", "Parameter.Count": "5", "First.Year": "2025", "Last.Year": "2025", "Years.Sampled": "1", "Frequency": "Annually", "Platform": "Vessel", "Geometry.Types": "Fixed Station", "Depth.Range..m.": null, "Sample.Locations": "1", "Centroid.Latitude": "35.7412340116253", "Centroid.Longitude": "-122.0756031662", "Gebco.Mean.Depth": "-1237", "Source.Files": "NOAA_GBTS_Depth_Biomass_TrophicStructure_FishAbundance.csv; NOAA_GBTS_InvertebrateBiomass_FishBiomass_WaterQuality.csv" }, "geometry": { "type": "Polygon", "coordinates": [ [ [ -122.04759319999998, 35.7287336 ], [ -122.0482833, 35.754713 ], [ -122.076302899999973, 35.767213 ], [ -122.103622199999975, 35.7537276 ], [ -122.1029135, 35.7277485 ], [ -122.0749039, 35.7152546 ], [ -122.04759319999998, 35.7287336 ] ] ] } },
{ "type": "Feature", "properties": { "Program.Name": "NOAA GBTS", "Full.Program.Name": "National Oceanic and Atmospheric Administration -  West Coast Groundfish Bottom Trawl Survey", "Monitoring.Program": "NOAA GBTS", "Parameters": "Fish Abundance and Distribution; Fish Biomass; Invertebrate Biomass; Temperature; Trophic Structure", "EOV.Groups": "Biological; Physical", "Parameter.Count": "5", "First.Year": "2023", "Last.Year": "2025", "Years.Sampled": "3", "Frequency": "Annually", "Platform": "Vessel", "Geometry.Types": "Fixed Station", "Depth.Range..m.": null, "Sample.Locations": "2", "Centroid.Latitude": "35.7037123337539", "Centroid.Longitude": "-121.991600471595", "Gebco.Mean.Depth": "-1158.29166666667", "Source.Files": "NOAA_GBTS_Depth_Biomass_TrophicStructure_FishAbundance.csv; NOAA_GBTS_InvertebrateBiomass_FishBiomass_WaterQuality.csv" }, "geometry": { "type": "Polygon", "coordinates": [ [ [ -121.963617700000015, 35.6911915 ], [ -121.964279300000015, 35.717172 ], [ -121.9922715, 35.7296925 ], [ -122.0195923, 35.7162264 ], [ -122.0189121, 35.6902462 ], [ -121.990929900000012, 35.6777318 ], [ -121.963617700000015, 35.6911915 ] ] ] } },
{ "type": "Feature", "properties": { "Program.Name": "NOAA GBTS", "Full.Program.Name": "National Oceanic and Atmospheric Administration -  West Coast Groundfish Bottom Trawl Survey", "Monitoring.Program": "NOAA GBTS", "Parameters": "Fish Abundance and Distribution; Fish Biomass; Invertebrate Biomass; Temperature; Trophic Structure", "EOV.Groups": "Biological; Physical", "Parameter.Count": "5", "First.Year": "2024", "Last.Year": "2024", "Years.Sampled": "1", "Frequency": "Annually", "Platform": "Vessel", "Geometry.Types": "Fixed Station", "Depth.Range..m.": null, "Sample.Locations": "1", "Centroid.Latitude": "35.6267007032686", "Centroid.Longitude": "-121.934341418024", "Gebco.Mean.Depth": "-1008", "Source.Files": "NOAA_GBTS_Depth_Biomass_TrophicStructure_FishAbundance.csv; NOAA_GBTS_InvertebrateBiomass_FishBiomass_WaterQuality.csv" }, "geometry": { "type": "Polygon", "coordinates": [ [ [ -121.9063959, 35.6141655 ], [ -121.9070375, 35.6401476 ], [ -121.9349925, 35.6526825 ], [ -121.962296, 35.6392291 ], [ -121.96163580000001, 35.6132473 ], [ -121.9336907, 35.6007185 ], [ -121.9063959, 35.6141655 ] ] ] } },
{ "type": "Feature", "properties": { "Program.Name": "NOAA GBTS", "Full.Program.Name": "National Oceanic and Atmospheric Administration -  West Coast Groundfish Bottom Trawl Survey", "Monitoring.Program": "NOAA GBTS", "Parameters": "Fish Abundance and Distribution; Fish Biomass; Invertebrate Biomass; Temperature; Trophic Structure", "EOV.Groups": "Biological; Physical", "Parameter.Count": "5", "First.Year": "2023", "Last.Year": "2023", "Years.Sampled": "1", "Frequency": "Annually", "Platform": "Vessel", "Geometry.Types": "Fixed Station", "Depth.Range..m.": null, "Sample.Locations": "1", "Centroid.Latitude": "35.5111231526085", "Centroid.Longitude": "-121.848666705355", "Gebco.Mean.Depth": "-1047", "Source.Files": "NOAA_GBTS_Depth_Biomass_TrophicStructure_FishAbundance.csv; NOAA_GBTS_InvertebrateBiomass_FishBiomass_WaterQuality.csv" }, "geometry": { "type": "Polygon", "coordinates": [ [ [ -121.8207768, 35.4985664 ], [ -121.821388700000014, 35.524551 ], [ -121.84928810000001, 35.537107399999989 ], [ -121.8765656, 35.5236731 ], [ -121.8759352, 35.4976888 ], [ -121.8480458, 35.4851384 ], [ -121.8207768, 35.4985664 ] ] ] } },
{ "type": "Feature", "properties": { "Program.Name": "NOAA GBTS", "Full.Program.Name": "National Oceanic and Atmospheric Administration -  West Coast Groundfish Bottom Trawl Survey", "Monitoring.Program": "NOAA GBTS", "Parameters": "Fish Abundance and Distribution; Fish Biomass; Invertebrate Biomass; Temperature; Trophic Structure", "EOV.Groups": "Biological; Physical", "Parameter.Count": "5", "First.Year": "2023", "Last.Year": "2023", "Years.Sampled": "1", "Frequency": "Annually", "Platform": "Vessel", "Geometry.Types": "Fixed Station", "Depth.Range..m.": null, "Sample.Locations": "1", "Centroid.Latitude": "35.4348689168016", "Centroid.Longitude": "-121.736578376258", "Gebco.Mean.Depth": "-1109", "Source.Files": "NOAA_GBTS_Depth_Biomass_TrophicStructure_FishAbundance.csv; NOAA_GBTS_InvertebrateBiomass_FishBiomass_WaterQuality.csv" }, "geometry": { "type": "Polygon", "coordinates": [ [ [ -121.7087342, 35.422284499999989 ], [ -121.7093078, 35.4482711 ], [ -121.7371615, 35.4608551 ], [ -121.764431699999989, 35.4474465 ], [ -121.763839499999989, 35.4214602 ], [ -121.735995699999989, 35.4088822 ], [ -121.7087342, 35.422284499999989 ] ] ] } },
{ "type": "Feature", "properties": { "Program.Name": "NOAA GBTS", "Full.Program.Name": "National Oceanic and Atmospheric Administration -  West Coast Groundfish Bottom Trawl Survey", "Monitoring.Program": "NOAA GBTS", "Parameters": "Fish Abundance and Distribution; Fish Biomass; Invertebrate Biomass; Temperature; Trophic Structure", "EOV.Groups": "Biological; Physical", "Parameter.Count": "5", "First.Year": "2024", "Last.Year": "2024", "Years.Sampled": "1", "Frequency": "Annually", "Platform": "Vessel", "Geometry.Types": "Fixed Station", "Depth.Range..m.": null, "Sample.Locations": "1", "Centroid.Latitude": "35.5128261528074", "Centroid.Longitude": "-121.73832886878", "Gebco.Mean.Depth": "-1014", "Source.Files": "NOAA_GBTS_Depth_Biomass_TrophicStructure_FishAbundance.csv; NOAA_GBTS_InvertebrateBiomass_FishBiomass_WaterQuality.csv" }, "geometry": { "type": "Polygon", "coordinates": [ [ [ -121.7104563, 35.500242899999989 ], [ -121.711031099999985, 35.5262281 ], [ -121.738913200000013, 35.5388109 ], [ -121.7662105, 35.5254026 ], [ -121.7656172, 35.4994177 ], [ -121.737745, 35.4868409 ], [ -121.7104563, 35.500242899999989 ] ] ] } },
{ "type": "Feature", "properties": { "Program.Name": "NOAA GBTS", "Full.Program.Name": "National Oceanic and Atmospheric Administration -  West Coast Groundfish Bottom Trawl Survey", "Monitoring.Program": "NOAA GBTS", "Parameters": "Fish Abundance and Distribution; Fish Biomass; Invertebrate Biomass; Temperature; Trophic Structure", "EOV.Groups": "Biological; Physical", "Parameter.Count": "5", "First.Year": "2025", "Last.Year": "2025", "Years.Sampled": "1", "Frequency": "Annually", "Platform": "Vessel", "Geometry.Types": "Fixed Station", "Depth.Range..m.": null, "Sample.Locations": "1", "Centroid.Latitude": "35.5907791358499", "Centroid.Longitude": "-121.740082893502", "Gebco.Mean.Depth": "-943", "Source.Files": "NOAA_GBTS_Depth_Biomass_TrophicStructure_FishAbundance.csv; NOAA_GBTS_InvertebrateBiomass_FishBiomass_WaterQuality.csv" }, "geometry": { "type": "Polygon", "coordinates": [ [ [ -121.7121819, 35.578197 ], [ -121.7127579, 35.6041807 ], [ -121.7406684, 35.6167625 ], [ -121.767993, 35.6033545 ], [ -121.7673984, 35.577371 ], [ -121.7394978, 35.5647953 ], [ -121.7121819, 35.578197 ] ] ] } },
{ "type": "Feature", "properties": { "Program.Name": "NOAA GBTS", "Full.Program.Name": "National Oceanic and Atmospheric Administration -  West Coast Groundfish Bottom Trawl Survey", "Monitoring.Program": "NOAA GBTS", "Parameters": "Fish Abundance and Distribution; Fish Biomass; Invertebrate Biomass; Temperature; Trophic Structure", "EOV.Groups": "Biological; Physical", "Parameter.Count": "5", "First.Year": "2023", "Last.Year": "2023", "Years.Sampled": "1", "Frequency": "Annually", "Platform": "Vessel", "Geometry.Types": "Fixed Station", "Depth.Range..m.": null, "Sample.Locations": "1", "Centroid.Latitude": "35.6687279995606", "Centroid.Longitude": "-121.741840461126", "Gebco.Mean.Depth": "-915", "Source.Files": "NOAA_GBTS_Depth_Biomass_TrophicStructure_FishAbundance.csv; NOAA_GBTS_InvertebrateBiomass_FishBiomass_WaterQuality.csv" }, "geometry": { "type": "Polygon", "coordinates": [ [ [ -121.713911, 35.6561469 ], [ -121.7144882, 35.6821293 ], [ -121.742427100000015, 35.6947101 ], [ -121.769779, 35.6813023 ], [ -121.7691832, 35.6553201 ], [ -121.7412542, 35.6427455 ], [ -121.713911, 35.6561469 ] ] ] } },
{ "type": "Feature", "properties": { "Program.Name": "NOAA GBTS", "Full.Program.Name": "National Oceanic and Atmospheric Administration -  West Coast Groundfish Bottom Trawl Survey", "Monitoring.Program": "NOAA GBTS", "Parameters": "Fish Abundance and Distribution; Fish Biomass; Invertebrate Biomass; Temperature; Trophic Structure", "EOV.Groups": "Biological; Physical", "Parameter.Count": "5", "First.Year": "2024", "Last.Year": "2024", "Years.Sampled": "1", "Frequency": "Annually", "Platform": "Vessel", "Geometry.Types": "Fixed Station", "Depth.Range..m.": null, "Sample.Locations": "1", "Centroid.Latitude": "35.4742572608104", "Centroid.Longitude": "-121.709881865013", "Gebco.Mean.Depth": "-1064", "Source.Files": "NOAA_GBTS_Depth_Biomass_TrophicStructure_FishAbundance.csv; NOAA_GBTS_InvertebrateBiomass_FishBiomass_WaterQuality.csv" }, "geometry": { "type": "Polygon", "coordinates": [ [ [ -121.6820278, 35.4616668 ], [ -121.6825928, 35.4876528 ], [ -121.7104563, 35.500242899999989 ], [ -121.737745, 35.4868409 ], [ -121.7371615, 35.4608551 ], [ -121.7093078, 35.4482711 ], [ -121.6820278, 35.4616668 ] ] ] } },
{ "type": "Feature", "properties": { "Program.Name": "NOAA GBTS", "Full.Program.Name": "National Oceanic and Atmospheric Administration -  West Coast Groundfish Bottom Trawl Survey", "Monitoring.Program": "NOAA GBTS", "Parameters": "Fish Abundance and Distribution; Fish Biomass; Invertebrate Biomass; Temperature; Trophic Structure", "EOV.Groups": "Biological; Physical", "Parameter.Count": "5", "First.Year": "2024", "Last.Year": "2024", "Years.Sampled": "1", "Frequency": "Annually", "Platform": "Vessel", "Geometry.Types": "Fixed Station", "Depth.Range..m.": null, "Sample.Locations": "1", "Centroid.Latitude": "35.4750559987842", "Centroid.Longitude": "-121.654738368637", "Gebco.Mean.Depth": "-1033", "Source.Files": "NOAA_GBTS_Depth_Biomass_TrophicStructure_FishAbundance.csv; NOAA_GBTS_InvertebrateBiomass_FishBiomass_WaterQuality.csv" }, "geometry": { "type": "Polygon", "coordinates": [ [ [ -121.626893, 35.4624524 ], [ -121.6274395, 35.4884386 ], [ -121.6552943, 35.5010419 ], [ -121.6825928, 35.4876528 ], [ -121.6820278, 35.4616668 ], [ -121.6541828, 35.4490696 ], [ -121.626893, 35.4624524 ] ] ] } },
{ "type": "Feature", "properties": { "Program.Name": "NOAA GBTS", "Full.Program.Name": "National Oceanic and Atmospheric Administration -  West Coast Groundfish Bottom Trawl Survey", "Monitoring.Program": "NOAA GBTS", "Parameters": "Fish Abundance and Distribution; Fish Biomass; Invertebrate Biomass; Temperature; Trophic Structure", "EOV.Groups": "Biological; Physical", "Parameter.Count": "5", "First.Year": "2025", "Last.Year": "2025", "Years.Sampled": "1", "Frequency": "Annually", "Platform": "Vessel", "Geometry.Types": "Fixed Station", "Depth.Range..m.": null, "Sample.Locations": "1", "Centroid.Latitude": "35.5530122441849", "Centroid.Longitude": "-121.656407241117", "Gebco.Mean.Depth": "-904", "Source.Files": "NOAA_GBTS_Depth_Biomass_TrophicStructure_FishAbundance.csv; NOAA_GBTS_InvertebrateBiomass_FishBiomass_WaterQuality.csv" }, "geometry": { "type": "Polygon", "coordinates": [ [ [ -121.628533499999975, 35.5404097 ], [ -121.6290811, 35.5663945 ], [ -121.656964299999984, 35.5789967 ], [ -121.68429, 35.565608 ], [ -121.6837239, 35.5396234 ], [ -121.6558506, 35.5270273 ], [ -121.628533499999975, 35.5404097 ] ] ] } },
{ "type": "Feature", "properties": { "Program.Name": "NOAA GDP", "Full.Program.Name": "NOAA Surface Drifter Deployments", "Monitoring.Program": "NOAA GDP", "Parameters": "Current Velocity", "EOV.Groups": "Physical", "Parameter.Count": "1", "First.Year": null, "Last.Year": null, "Years.Sampled": null, "Frequency": "Continuous", "Platform": "Lagrangian drifters", "Geometry.Types": "Fixed Station", "Depth.Range..m.": null, "Sample.Locations": "1", "Centroid.Latitude": "35.7797062263487", "Centroid.Longitude": "-122.104331482177", "Gebco.Mean.Depth": "-1213", "Source.Files": "NOAA GDP_CurrentVelocity.csv" }, "geometry": { "type": "Polygon", "coordinates": [ [ [ -122.076302899999973, 35.767213 ], [ -122.077003, 35.7931916 ], [ -122.105041199999988, 35.8056845 ], [ -122.132369200000014, 35.7921926 ], [ -122.131650400000012, 35.7662143 ], [ -122.103622199999975, 35.7537276 ], [ -122.076302899999973, 35.767213 ] ] ] } },
{ "type": "Feature", "properties": { "Program.Name": "NOAA GDP", "Full.Program.Name": "NOAA Surface Drifter Deployments", "Monitoring.Program": "NOAA GDP", "Parameters": "Current Velocity", "EOV.Groups": "Physical", "Parameter.Count": "1", "First.Year": null, "Last.Year": null, "Years.Sampled": null, "Frequency": "Continuous", "Platform": "Lagrangian drifters", "Geometry.Types": "Fixed Station", "Depth.Range..m.": null, "Sample.Locations": "1", "Centroid.Latitude": "35.7412340116253", "Centroid.Longitude": "-122.0756031662", "Gebco.Mean.Depth": "-1222", "Source.Files": "NOAA GDP_CurrentVelocity.csv" }, "geometry": { "type": "Polygon", "coordinates": [ [ [ -122.04759319999998, 35.7287336 ], [ -122.0482833, 35.754713 ], [ -122.076302899999973, 35.767213 ], [ -122.103622199999975, 35.7537276 ], [ -122.1029135, 35.7277485 ], [ -122.0749039, 35.7152546 ], [ -122.04759319999998, 35.7287336 ] ] ] } },
{ "type": "Feature", "properties": { "Program.Name": "NOAA GDP", "Full.Program.Name": "NOAA Surface Drifter Deployments", "Monitoring.Program": "NOAA GDP", "Parameters": "Current Velocity", "EOV.Groups": "Physical", "Parameter.Count": "1", "First.Year": null, "Last.Year": null, "Years.Sampled": null, "Frequency": "Continuous", "Platform": "Lagrangian drifters", "Geometry.Types": "Fixed Station", "Depth.Range..m.": null, "Sample.Locations": "1", "Centroid.Latitude": "35.7422061465627", "Centroid.Longitude": "-122.020272884432", "Gebco.Mean.Depth": "-1120", "Source.Files": "NOAA GDP_CurrentVelocity.csv" }, "geometry": { "type": "Polygon", "coordinates": [ [ [ -121.9922715, 35.7296925 ], [ -121.992943, 35.7556722 ], [ -122.0209539, 35.7681855 ], [ -122.0482833, 35.754713 ], [ -122.04759319999998, 35.7287336 ], [ -122.0195923, 35.7162264 ], [ -121.9922715, 35.7296925 ] ] ] } },
{ "type": "Feature", "properties": { "Program.Name": "NOAA GDP", "Full.Program.Name": "NOAA Surface Drifter Deployments", "Monitoring.Program": "NOAA GDP", "Parameters": "Current Velocity", "EOV.Groups": "Physical", "Parameter.Count": "1", "First.Year": null, "Last.Year": null, "Years.Sampled": null, "Frequency": "Continuous", "Platform": "Lagrangian drifters", "Geometry.Types": "Fixed Station", "Depth.Range..m.": null, "Sample.Locations": "2", "Centroid.Latitude": "35.7037123337539", "Centroid.Longitude": "-121.991600471595", "Gebco.Mean.Depth": "-1163.5", "Source.Files": "NOAA GDP_CurrentVelocity.csv" }, "geometry": { "type": "Polygon", "coordinates": [ [ [ -121.963617700000015, 35.6911915 ], [ -121.964279300000015, 35.717172 ], [ -121.9922715, 35.7296925 ], [ -122.0195923, 35.7162264 ], [ -122.0189121, 35.6902462 ], [ -121.990929900000012, 35.6777318 ], [ -121.963617700000015, 35.6911915 ] ] ] } },
{ "type": "Feature", "properties": { "Program.Name": "NOAA GDP", "Full.Program.Name": "NOAA Surface Drifter Deployments", "Monitoring.Program": "NOAA GDP", "Parameters": "Current Velocity", "EOV.Groups": "Physical", "Parameter.Count": "1", "First.Year": null, "Last.Year": null, "Years.Sampled": null, "Frequency": "Continuous", "Platform": "Lagrangian drifters", "Geometry.Types": "Fixed Station", "Depth.Range..m.": null, "Sample.Locations": "1", "Centroid.Latitude": "35.6652105213789", "Centroid.Longitude": "-121.962956661979", "Gebco.Mean.Depth": "-1144", "Source.Files": "NOAA GDP_CurrentVelocity.csv" }, "geometry": { "type": "Polygon", "coordinates": [ [ [ -121.9349925, 35.6526825 ], [ -121.9356441, 35.678663799999988 ], [ -121.963617700000015, 35.6911915 ], [ -121.990929900000012, 35.6777318 ], [ -121.990259699999982, 35.6517508 ], [ -121.962296, 35.6392291 ], [ -121.9349925, 35.6526825 ] ] ] } },
{ "type": "Feature", "properties": { "Program.Name": "NOAA GDP", "Full.Program.Name": "NOAA Surface Drifter Deployments", "Monitoring.Program": "NOAA GDP", "Parameters": "Current Velocity", "EOV.Groups": "Physical", "Parameter.Count": "1", "First.Year": null, "Last.Year": null, "Years.Sampled": null, "Frequency": "Continuous", "Platform": "Lagrangian drifters", "Geometry.Types": "Fixed Station", "Depth.Range..m.": null, "Sample.Locations": "2", "Centroid.Latitude": "35.6267007032686", "Centroid.Longitude": "-121.934341418024", "Gebco.Mean.Depth": "-1045", "Source.Files": "NOAA GDP_CurrentVelocity.csv" }, "geometry": { "type": "Polygon", "coordinates": [ [ [ -121.9063959, 35.6141655 ], [ -121.9070375, 35.6401476 ], [ -121.9349925, 35.6526825 ], [ -121.962296, 35.6392291 ], [ -121.96163580000001, 35.6132473 ], [ -121.9336907, 35.6007185 ], [ -121.9063959, 35.6141655 ] ] ] } },
{ "type": "Feature", "properties": { "Program.Name": "NOAA GDP", "Full.Program.Name": "NOAA Surface Drifter Deployments", "Monitoring.Program": "NOAA GDP", "Parameters": "Current Velocity", "EOV.Groups": "Physical", "Parameter.Count": "1", "First.Year": null, "Last.Year": null, "Years.Sampled": null, "Frequency": "Continuous", "Platform": "Lagrangian drifters", "Geometry.Types": "Fixed Station", "Depth.Range..m.": null, "Sample.Locations": "1", "Centroid.Latitude": "35.5881828732388", "Centroid.Longitude": "-121.905754702227", "Gebco.Mean.Depth": "-995", "Source.Files": "NOAA GDP_CurrentVelocity.csv" }, "geometry": { "type": "Polygon", "coordinates": [ [ [ -121.8778277, 35.5756404 ], [ -121.878459400000011, 35.6016234 ], [ -121.9063959, 35.6141655 ], [ -121.9336907, 35.6007185 ], [ -121.9330405, 35.5747358 ], [ -121.905114, 35.5621998 ], [ -121.8778277, 35.5756404 ] ] ] } },
{ "type": "Feature", "properties": { "Program.Name": "NOAA GDP", "Full.Program.Name": "NOAA Surface Drifter Deployments", "Monitoring.Program": "NOAA GDP", "Parameters": "Current Velocity", "EOV.Groups": "Physical", "Parameter.Count": "1", "First.Year": null, "Last.Year": null, "Years.Sampled": null, "Frequency": "Continuous", "Platform": "Lagrangian drifters", "Geometry.Types": "Fixed Station", "Depth.Range..m.": null, "Sample.Locations": "2", "Centroid.Latitude": "35.5496570250901", "Centroid.Longitude": "-121.877196477136", "Gebco.Mean.Depth": "-1018.5", "Source.Files": "NOAA GDP_CurrentVelocity.csv" }, "geometry": { "type": "Polygon", "coordinates": [ [ [ -121.84928810000001, 35.537107399999989 ], [ -121.849909799999978, 35.563091199999988 ], [ -121.8778277, 35.5756404 ], [ -121.905114, 35.5621998 ], [ -121.904473599999989, 35.5362163 ], [ -121.8765656, 35.5236731 ], [ -121.84928810000001, 35.537107399999989 ] ] ] } },
{ "type": "Feature", "properties": { "Program.Name": "NOAA GDP", "Full.Program.Name": "NOAA Surface Drifter Deployments", "Monitoring.Program": "NOAA GDP", "Parameters": "Current Velocity", "EOV.Groups": "Physical", "Parameter.Count": "1", "First.Year": null, "Last.Year": null, "Years.Sampled": null, "Frequency": "Continuous", "Platform": "Lagrangian drifters", "Geometry.Types": "Fixed Station", "Depth.Range..m.": null, "Sample.Locations": "1", "Centroid.Latitude": "35.5111231526085", "Centroid.Longitude": "-121.848666705355", "Gebco.Mean.Depth": "-1072", "Source.Files": "NOAA GDP_CurrentVelocity.csv" }, "geometry": { "type": "Polygon", "coordinates": [ [ [ -121.8207768, 35.4985664 ], [ -121.821388700000014, 35.524551 ], [ -121.84928810000001, 35.537107399999989 ], [ -121.8765656, 35.5236731 ], [ -121.8759352, 35.4976888 ], [ -121.8480458, 35.4851384 ], [ -121.8207768, 35.4985664 ] ] ] } },
{ "type": "Feature", "properties": { "Program.Name": "NOAA GDP", "Full.Program.Name": "NOAA Surface Drifter Deployments", "Monitoring.Program": "NOAA GDP", "Parameters": "Current Velocity", "EOV.Groups": "Physical", "Parameter.Count": "1", "First.Year": null, "Last.Year": null, "Years.Sampled": null, "Frequency": "Continuous", "Platform": "Lagrangian drifters", "Geometry.Types": "Fixed Station", "Depth.Range..m.": null, "Sample.Locations": "2", "Centroid.Latitude": "35.4725812495647", "Centroid.Longitude": "-121.820165349541", "Gebco.Mean.Depth": "-1173.5", "Source.Files": "NOAA GDP_CurrentVelocity.csv" }, "geometry": { "type": "Polygon", "coordinates": [ [ [ -121.792294, 35.4600173 ], [ -121.792896, 35.4860027 ], [ -121.8207768, 35.4985664 ], [ -121.8480458, 35.4851384 ], [ -121.8474253, 35.459153199999989 ], [ -121.8195543, 35.4465957 ], [ -121.792294, 35.4600173 ] ] ] } },
{ "type": "Feature", "properties": { "Program.Name": "NOAA RREAS", "Full.Program.Name": "National Oceanic and Atmospheric Administration - Rockfish Recruitment and Ecosystem Assessment Survey", "Monitoring.Program": "NOAA RREAS", "Parameters": "Catch Abundance; Fish Abundance and Distribution; Invertebrate Abundance; Krill (Euphausiid) Abundance; Zooplankton Abundance", "EOV.Groups": "Biological", "Parameter.Count": "5", "First.Year": "2017", "Last.Year": "2021", "Years.Sampled": "5", "Frequency": "Annually", "Platform": "Vessel", "Geometry.Types": "Fixed Station", "Depth.Range..m.": null, "Sample.Locations": "6", "Centroid.Latitude": "40.9701127045147", "Centroid.Longitude": "-124.721973492998", "Gebco.Mean.Depth": "-733.666666666667", "Source.Files": "FED_RREAS_CentralCal_CatchData_reduced.csv; Rockfish_Recruitment_and_Ecosystem_Assessment_Survey__Catch_Data.csv" }, "geometry": { "type": "Polygon", "coordinates": [ [ [ -124.691477, 40.9582426 ], [ -124.693172800000013, 40.9842186 ], [ -124.72368059999998, 40.9960887 ], [ -124.752480100000014, 40.9819755 ], [ -124.7507629, 40.9560003 ], [ -124.7202676, 40.9441374 ], [ -124.691477, 40.9582426 ] ] ] } },
{ "type": "Feature", "properties": { "Program.Name": "NOAA RREAS", "Full.Program.Name": "National Oceanic and Atmospheric Administration - Rockfish Recruitment and Ecosystem Assessment Survey", "Monitoring.Program": "NOAA RREAS", "Parameters": "Catch Abundance; Chlorophyll-a; Density (Sigma Theta); Dissolved Oxygen; Fish Abundance and Distribution; Fish Larvae Counts; Invertebrate Abundance; Krill (Euphausiid) Abundance; Salinity; Temperature; Transmissivity; Zooplankton Abundance", "EOV.Groups": "Biogeochemical; Biological; Physical", "Parameter.Count": "12", "First.Year": "2013", "Last.Year": "2023", "Years.Sampled": "11", "Frequency": "Annually", "Platform": "Vessel", "Geometry.Types": "Fixed Station", "Depth.Range..m.": null, "Sample.Locations": "18", "Centroid.Latitude": "41.0101953843544", "Centroid.Longitude": "-124.694869817384", "Gebco.Mean.Depth": "-752.396126760563", "Source.Files": "FED_RREAS_CentralCal_CatchData_reduced.csv; Rockfish_Recruitment_and_Ecosystem_Assessment_Survey__Catch_Data.csv; RREAS_CentralCal_CatchData_Species.csv; RREAS_CentralCal_CatchData_Species_Depth_reduced.csv; RREAS_CentralCal_Temp_Salinity.csv" }, "geometry": { "type": "Polygon", "coordinates": [ [ [ -124.6643608, 40.9983181 ], [ -124.666047699999979, 41.0242957 ], [ -124.6965681, 41.0361728 ], [ -124.725388899999984, 41.0220653 ], [ -124.72368059999998, 40.9960887 ], [ -124.693172800000013, 40.9842186 ], [ -124.6643608, 40.9983181 ] ] ] } },
{ "type": "Feature", "properties": { "Program.Name": "NOAA RREAS", "Full.Program.Name": "National Oceanic and Atmospheric Administration - Rockfish Recruitment and Ecosystem Assessment Survey", "Monitoring.Program": "NOAA RREAS", "Parameters": "Catch Abundance; Chlorophyll-a; Density (Sigma Theta); Dissolved Oxygen; Fish Abundance and Distribution; Fish Larvae Counts; Invertebrate Abundance; Krill (Euphausiid) Abundance; Salinity; Temperature; Transmissivity; Zooplankton Abundance", "EOV.Groups": "Biogeochemical; Biological; Physical", "Parameter.Count": "12", "First.Year": "2006", "Last.Year": "2023", "Years.Sampled": "18", "Frequency": "Annually", "Platform": "Vessel", "Geometry.Types": "Fixed Station", "Depth.Range..m.": null, "Sample.Locations": "30", "Centroid.Latitude": "35.7055506712276", "Centroid.Longitude": "-121.880990370261", "Gebco.Mean.Depth": "-1050.67147435898", "Source.Files": "FED_RREAS_CentralCal_CatchData_reduced.csv; Rockfish_Recruitment_and_Ecosystem_Assessment_Survey__Catch_Data.csv; RREAS_CentralCal_CatchData_Species_Depth_reduced.csv; RREAS_CentralCal_depth_temp_salinity_density_reduced.csv; RREAS_CentralCal_Temp_Salinity.csv" }, "geometry": { "type": "Polygon", "coordinates": [ [ [ -121.8530249, 35.6930033 ], [ -121.8536492, 35.718984299999988 ], [ -121.881624199999976, 35.7315314 ], [ -121.9089649, 35.7180913 ], [ -121.908322, 35.6921105 ], [ -121.880357, 35.6795695 ], [ -121.8530249, 35.6930033 ] ] ] } },
{ "type": "Feature", "properties": { "Program.Name": "NOAA RREAS", "Full.Program.Name": "National Oceanic and Atmospheric Administration - Rockfish Recruitment and Ecosystem Assessment Survey", "Monitoring.Program": "NOAA RREAS", "Parameters": "Catch Abundance; Chlorophyll-a; Density (Sigma Theta); Dissolved Oxygen; Fish Abundance and Distribution; Invertebrate Abundance; Krill (Euphausiid) Abundance; Salinity; Temperature; Transmissivity; Zooplankton Abundance", "EOV.Groups": "Biogeochemical; Biological; Physical", "Parameter.Count": "11", "First.Year": "2005", "Last.Year": "2021", "Years.Sampled": "17", "Frequency": "Annually", "Platform": "Vessel", "Geometry.Types": "Fixed Station", "Depth.Range..m.": null, "Sample.Locations": "5", "Centroid.Latitude": "35.6670217388447", "Centroid.Longitude": "-121.852401080832", "Gebco.Mean.Depth": "-1038", "Source.Files": "FED_RREAS_CentralCal_CatchData_reduced.csv; Rockfish_Recruitment_and_Ecosystem_Assessment_Survey__Catch_Data.csv; RREAS_CentralCal_depth_temp_salinity_density_reduced.csv; RREAS_CentralCal_Temp_Salinity.csv" }, "geometry": { "type": "Polygon", "coordinates": [ [ [ -121.8244543, 35.6544672 ], [ -121.8250686, 35.680449 ], [ -121.8530249, 35.6930033 ], [ -121.880357, 35.6795695 ], [ -121.879724, 35.6535879 ], [ -121.8517776, 35.6410398 ], [ -121.8244543, 35.6544672 ] ] ] } },
{ "type": "Feature", "properties": { "Program.Name": "NOAA RREAS", "Full.Program.Name": "National Oceanic and Atmospheric Administration - Rockfish Recruitment and Ecosystem Assessment Survey", "Monitoring.Program": "NOAA RREAS", "Parameters": "Catch Abundance; Chlorophyll-a; Density (Sigma Theta); Dissolved Oxygen; Fish Abundance and Distribution; Invertebrate Abundance; Krill (Euphausiid) Abundance; Salinity; Temperature; Transmissivity; Zooplankton Abundance", "EOV.Groups": "Biogeochemical; Biological; Physical", "Parameter.Count": "11", "First.Year": "2004", "Last.Year": "2019", "Years.Sampled": "16", "Frequency": "Annually", "Platform": "Vessel", "Geometry.Types": "Fixed Station", "Depth.Range..m.": null, "Sample.Locations": "6", "Centroid.Latitude": "35.706430463394", "Centroid.Longitude": "-121.825683380272", "Gebco.Mean.Depth": "-1037.55555555556", "Source.Files": "FED_RREAS_CentralCal_CatchData_reduced.csv; Rockfish_Recruitment_and_Ecosystem_Assessment_Survey__Catch_Data.csv; RREAS_CentralCal_Temp_Salinity.csv" }, "geometry": { "type": "Polygon", "coordinates": [ [ [ -121.7977266, 35.6938698 ], [ -121.7983323, 35.7198511 ], [ -121.826298600000015, 35.7324115 ], [ -121.8536492, 35.718984299999988 ], [ -121.8530249, 35.6930033 ], [ -121.8250686, 35.680449 ], [ -121.7977266, 35.6938698 ] ] ] } },
{ "type": "Feature", "properties": { "Program.Name": "NOAA RREAS", "Full.Program.Name": "National Oceanic and Atmospheric Administration - Rockfish Recruitment and Ecosystem Assessment Survey", "Monitoring.Program": "NOAA RREAS", "Parameters": "Chlorophyll-a; Density (Sigma Theta); Dissolved Oxygen; Invertebrate Abundance; Salinity; Temperature; Transmissivity", "EOV.Groups": "Biogeochemical; Biological; Physical", "Parameter.Count": "7", "First.Year": "2009", "Last.Year": "2013", "Years.Sampled": "5", "Frequency": "Annually", "Platform": "Vessel", "Geometry.Types": "Fixed Station", "Depth.Range..m.": null, "Sample.Locations": "3", "Centroid.Latitude": "35.5478222051509", "Centroid.Longitude": "-121.987583608931", "Gebco.Mean.Depth": "-1235.66666666667", "Source.Files": "RREAS_CentralCal_Temp_Salinity.csv" }, "geometry": { "type": "Polygon", "coordinates": [ [ [ -121.9596579, 35.5352991 ], [ -121.9603168, 35.5612823 ], [ -121.988252, 35.573805 ], [ -122.0155183, 35.5603385 ], [ -122.0148409, 35.5343556 ], [ -121.9869157, 35.5218389 ], [ -121.9596579, 35.5352991 ] ] ] } },
{ "type": "Feature", "properties": { "Program.Name": "NOAA RREAS", "Full.Program.Name": "National Oceanic and Atmospheric Administration - Rockfish Recruitment and Ecosystem Assessment Survey", "Monitoring.Program": "NOAA RREAS", "Parameters": "Chlorophyll-a; Density (Sigma Theta); Dissolved Oxygen; Invertebrate Abundance; Salinity; Temperature; Transmissivity", "EOV.Groups": "Biogeochemical; Biological; Physical", "Parameter.Count": "7", "First.Year": "2004", "Last.Year": "2004", "Years.Sampled": "1", "Frequency": "Annually", "Platform": "Vessel", "Geometry.Types": "Fixed Station", "Depth.Range..m.": null, "Sample.Locations": "1", "Centroid.Latitude": "35.667887989219", "Centroid.Longitude": "-121.797121382027", "Gebco.Mean.Depth": "-992", "Source.Files": "RREAS_CentralCal_depth_temp_salinity_density_reduced.csv; RREAS_CentralCal_Temp_Salinity.csv" }, "geometry": { "type": "Polygon", "coordinates": [ [ [ -121.7691832, 35.6553201 ], [ -121.769779, 35.6813023 ], [ -121.7977266, 35.6938698 ], [ -121.8250686, 35.680449 ], [ -121.8244543, 35.6544672 ], [ -121.796516499999981, 35.6419058 ], [ -121.7691832, 35.6553201 ] ] ] } },
{ "type": "Feature", "properties": { "Program.Name": "NOAA RREAS", "Full.Program.Name": "National Oceanic and Atmospheric Administration - Rockfish Recruitment and Ecosystem Assessment Survey", "Monitoring.Program": "NOAA RREAS", "Parameters": "Chlorophyll-a; Density (Sigma Theta); Dissolved Oxygen; Invertebrate Abundance; Salinity; Temperature; Transmissivity", "EOV.Groups": "Biogeochemical; Biological; Physical", "Parameter.Count": "7", "First.Year": "2004", "Last.Year": "2015", "Years.Sampled": "12", "Frequency": "Annually", "Platform": "Vessel", "Geometry.Types": "Fixed Station", "Depth.Range..m.": null, "Sample.Locations": "11", "Centroid.Latitude": "35.5513870403222", "Centroid.Longitude": "-121.766804254866", "Gebco.Mean.Depth": "-1008.05882352941", "Source.Files": "RREAS_CentralCal_depth_temp_salinity_density_reduced.csv; RREAS_CentralCal_Temp_Salinity.csv" }, "geometry": { "type": "Polygon", "coordinates": [ [ [ -121.738913200000013, 35.5388109 ], [ -121.7394978, 35.5647953 ], [ -121.7673984, 35.577371 ], [ -121.7947044, 35.5639563 ], [ -121.794101200000014, 35.5379723 ], [ -121.7662105, 35.5254026 ], [ -121.738913200000013, 35.5388109 ] ] ] } },
{ "type": "Feature", "properties": { "Program.Name": "NOAA SWFSC", "Full.Program.Name": "National Oceanic and Atmospheric Administration - Southwest Fisheries Science Center", "Monitoring.Program": "NOAA SWFSC", "Parameters": "Fish Egg Counts; Salinity; Temperature", "EOV.Groups": "Physical; Biological", "Parameter.Count": "3", "First.Year": "2016", "Last.Year": "2016", "Years.Sampled": "1", "Frequency": "Quarterly", "Platform": "Vessel", "Geometry.Types": "Fixed Station", "Depth.Range..m.": null, "Sample.Locations": "1", "Centroid.Latitude": "41.0079514245155", "Centroid.Longitude": "-124.754198499915", "Gebco.Mean.Depth": "-825", "Source.Files": "CalCOFI_NOAA_Transect_Continuous__FishEggCounts.csv" }, "geometry": { "type": "Polygon", "coordinates": [ [ [ -124.72368059999998, 40.9960887 ], [ -124.725388899999984, 41.0220653 ], [ -124.755918199999982, 41.033928 ], [ -124.7847265, 41.0198069 ], [ -124.7829967, 40.9938311 ], [ -124.752480100000014, 40.9819755 ], [ -124.72368059999998, 40.9960887 ] ] ] } },
{ "type": "Feature", "properties": { "Program.Name": "NOAA SWFSC", "Full.Program.Name": "National Oceanic and Atmospheric Administration - Southwest Fisheries Science Center", "Monitoring.Program": "NOAA SWFSC", "Parameters": "Fish Egg Counts; Salinity; Temperature", "EOV.Groups": "Physical; Biological", "Parameter.Count": "3", "First.Year": "2017", "Last.Year": "2017", "Years.Sampled": "1", "Frequency": "Quarterly", "Platform": "Vessel", "Geometry.Types": "Fixed Station", "Depth.Range..m.": null, "Sample.Locations": "1", "Centroid.Latitude": "40.8543448311032", "Centroid.Longitude": "-124.684705932444", "Gebco.Mean.Depth": "-690", "Source.Files": "CalCOFI_NOAA_Transect_Continuous__FishEggCounts.csv" }, "geometry": { "type": "Polygon", "coordinates": [ [ [ -124.654264499999982, 40.842467 ], [ -124.6559442, 40.8684405 ], [ -124.686396899999977, 40.8803183 ], [ -124.71515740000001, 40.8662154 ], [ -124.7134564, 40.8402427 ], [ -124.6830162, 40.828372 ], [ -124.654264499999982, 40.842467 ] ] ] } },
{ "type": "Feature", "properties": { "Program.Name": "NOAA SWFSC", "Full.Program.Name": "National Oceanic and Atmospheric Administration - Southwest Fisheries Science Center", "Monitoring.Program": "NOAA SWFSC", "Parameters": "Fish Egg Counts; Salinity; Temperature", "EOV.Groups": "Physical; Biological", "Parameter.Count": "3", "First.Year": "2015", "Last.Year": "2015", "Years.Sampled": "1", "Frequency": "Quarterly", "Platform": "Vessel", "Geometry.Types": "Fixed Station", "Depth.Range..m.": null, "Sample.Locations": "1", "Centroid.Latitude": "41.0101953843544", "Centroid.Longitude": "-124.694869817384", "Gebco.Mean.Depth": "-752", "Source.Files": "CalCOFI_NOAA_Transect_Continuous__FishEggCounts.csv" }, "geometry": { "type": "Polygon", "coordinates": [ [ [ -124.6643608, 40.9983181 ], [ -124.666047699999979, 41.0242957 ], [ -124.6965681, 41.0361728 ], [ -124.725388899999984, 41.0220653 ], [ -124.72368059999998, 40.9960887 ], [ -124.693172800000013, 40.9842186 ], [ -124.6643608, 40.9983181 ] ] ] } },
{ "type": "Feature", "properties": { "Program.Name": "NOAA SWFSC", "Full.Program.Name": "National Oceanic and Atmospheric Administration - Southwest Fisheries Science Center", "Monitoring.Program": "NOAA SWFSC", "Parameters": "Fish Egg Counts; Salinity; Temperature", "EOV.Groups": "Physical; Biological", "Parameter.Count": "3", "First.Year": "2018", "Last.Year": "2018", "Years.Sampled": "1", "Frequency": "Quarterly", "Platform": "Vessel", "Geometry.Types": "Fixed Station", "Depth.Range..m.": null, "Sample.Locations": "1", "Centroid.Latitude": "41.0881297111012", "Centroid.Longitude": "-124.699968302836", "Gebco.Mean.Depth": "-987", "Source.Files": "CalCOFI_NOAA_Transect_Continuous__FishEggCounts.csv" }, "geometry": { "type": "Polygon", "coordinates": [ [ [ -124.669425299999986, 41.0762527 ], [ -124.6711159, 41.1022323 ], [ -124.701670299999989, 41.1141092 ], [ -124.730521399999986, 41.0999994 ], [ -124.7288093, 41.0740207 ], [ -124.6982676, 41.0621509 ], [ -124.669425299999986, 41.0762527 ] ] ] } },
{ "type": "Feature", "properties": { "Program.Name": "NOAA SWFSC", "Full.Program.Name": "National Oceanic and Atmospheric Administration - Southwest Fisheries Science Center", "Monitoring.Program": "NOAA SWFSC", "Parameters": "Fish Egg Counts; Salinity; Temperature", "EOV.Groups": "Physical; Biological", "Parameter.Count": "3", "First.Year": "2017", "Last.Year": "2017", "Years.Sampled": "1", "Frequency": "Quarterly", "Platform": "Vessel", "Geometry.Types": "Fixed Station", "Depth.Range..m.": null, "Sample.Locations": "1", "Centroid.Latitude": "41.0502738472127", "Centroid.Longitude": "-124.667735906489", "Gebco.Mean.Depth": "-741", "Source.Files": "CalCOFI_NOAA_Transect_Continuous__FishEggCounts.csv" }, "geometry": { "type": "Polygon", "coordinates": [ [ [ -124.6372143, 41.0383895 ], [ -124.638892399999989, 41.0643684 ], [ -124.669425299999986, 41.0762527 ], [ -124.6982676, 41.0621509 ], [ -124.6965681, 41.0361728 ], [ -124.666047699999979, 41.0242957 ], [ -124.6372143, 41.0383895 ] ] ] } },
{ "type": "Feature", "properties": { "Program.Name": "NOAA SWFSC", "Full.Program.Name": "National Oceanic and Atmospheric Administration - Southwest Fisheries Science Center", "Monitoring.Program": "NOAA SWFSC", "Parameters": "Fish Egg Counts; Salinity; Temperature", "EOV.Groups": "Physical; Biological", "Parameter.Count": "3", "First.Year": "2017", "Last.Year": "2017", "Years.Sampled": "1", "Frequency": "Quarterly", "Platform": "Vessel", "Geometry.Types": "Fixed Station", "Depth.Range..m.": null, "Sample.Locations": "1", "Centroid.Latitude": "40.8565554982913", "Centroid.Longitude": "-124.625501606885", "Gebco.Mean.Depth": "-613", "Source.Files": "CalCOFI_NOAA_Transect_Continuous__FishEggCounts.csv" }, "geometry": { "type": "Polygon", "coordinates": [ [ [ -124.595069, 40.8446632 ], [ -124.5967274, 40.8706376 ], [ -124.6271712, 40.8825298 ], [ -124.6559442, 40.8684405 ], [ -124.654264499999982, 40.842467 ], [ -124.6238332, 40.8305818 ], [ -124.595069, 40.8446632 ] ] ] } },
{ "type": "Feature", "properties": { "Program.Name": "NOAA SWFSC", "Full.Program.Name": "National Oceanic and Atmospheric Administration - Southwest Fisheries Science Center", "Monitoring.Program": "NOAA SWFSC", "Parameters": "Fish Egg Counts; Salinity; Temperature", "EOV.Groups": "Physical; Biological", "Parameter.Count": "3", "First.Year": "2017", "Last.Year": "2018", "Years.Sampled": "2", "Frequency": "Quarterly", "Platform": "Vessel", "Geometry.Types": "Fixed Station", "Depth.Range..m.": null, "Sample.Locations": "2", "Centroid.Latitude": "40.9344803795451", "Centroid.Longitude": "-124.630514097359", "Gebco.Mean.Depth": "-643", "Source.Files": "CalCOFI_NOAA_Transect_Continuous__FishEggCounts.csv" }, "geometry": { "type": "Polygon", "coordinates": [ [ [ -124.6000478, 40.9225884 ], [ -124.601709700000015, 40.9485647 ], [ -124.6321873, 40.9604566 ], [ -124.6609905, 40.9463651 ], [ -124.659307200000015, 40.9203896 ], [ -124.628842100000014, 40.908504799999989 ], [ -124.6000478, 40.9225884 ] ] ] } },
{ "type": "Feature", "properties": { "Program.Name": "NOAA SWFSC", "Full.Program.Name": "National Oceanic and Atmospheric Administration - Southwest Fisheries Science Center", "Monitoring.Program": "NOAA SWFSC", "Parameters": "Fish Egg Counts; Salinity; Temperature", "EOV.Groups": "Physical; Biological", "Parameter.Count": "3", "First.Year": "2015", "Last.Year": "2016", "Years.Sampled": "2", "Frequency": "Quarterly", "Platform": "Vessel", "Geometry.Types": "Fixed Station", "Depth.Range..m.": null, "Sample.Locations": "2", "Centroid.Latitude": "41.090348105504", "Centroid.Longitude": "-124.640571714145", "Gebco.Mean.Depth": "-975", "Source.Files": "CalCOFI_NOAA_Transect_Continuous__FishEggCounts.csv" }, "geometry": { "type": "Polygon", "coordinates": [ [ [ -124.610037599999984, 41.0784566 ], [ -124.6117068, 41.104437 ], [ -124.642252199999973, 41.1163285 ], [ -124.6711159, 41.1022323 ], [ -124.669425299999986, 41.0762527 ], [ -124.638892399999989, 41.0643684 ], [ -124.610037599999984, 41.0784566 ] ] ] } },
{ "type": "Feature", "properties": { "Program.Name": "NOAA SWFSC", "Full.Program.Name": "National Oceanic and Atmospheric Administration - Southwest Fisheries Science Center", "Monitoring.Program": "NOAA SWFSC", "Parameters": "Fish Egg Counts; Salinity; Temperature", "EOV.Groups": "Physical; Biological", "Parameter.Count": "3", "First.Year": "2015", "Last.Year": "2015", "Years.Sampled": "1", "Frequency": "Quarterly", "Platform": "Vessel", "Geometry.Types": "Fixed Station", "Depth.Range..m.": null, "Sample.Locations": "1", "Centroid.Latitude": "40.9745417420871", "Centroid.Longitude": "-124.60337290118", "Gebco.Mean.Depth": "-665", "Source.Files": "CalCOFI_NOAA_Transect_Continuous__FishEggCounts.csv" }, "geometry": { "type": "Polygon", "coordinates": [ [ [ -124.5728941, 40.9626426 ], [ -124.5745472, 40.9886204 ], [ -124.6050373, 41.0005194 ], [ -124.6338618, 40.9864336 ], [ -124.6321873, 40.9604566 ], [ -124.601709700000015, 40.9485647 ], [ -124.5728941, 40.9626426 ] ] ] } },
{ "type": "Feature", "properties": { "Program.Name": "NOAA SWFSC", "Full.Program.Name": "National Oceanic and Atmospheric Administration - Southwest Fisheries Science Center", "Monitoring.Program": "NOAA SWFSC", "Parameters": "Fish Egg Counts; Salinity; Temperature", "EOV.Groups": "Physical; Biological", "Parameter.Count": "3", "First.Year": "2018", "Last.Year": "2018", "Years.Sampled": "1", "Frequency": "Quarterly", "Platform": "Vessel", "Geometry.Types": "Fixed Station", "Depth.Range..m.": null, "Sample.Locations": "1", "Centroid.Latitude": "40.9366654902171", "Centroid.Longitude": "-124.571242199929", "Gebco.Mean.Depth": "-618", "Source.Files": "CalCOFI_NOAA_Transect_Continuous__FishEggCounts.csv" }, "geometry": { "type": "Polygon", "coordinates": [ [ [ -124.540784699999989, 40.924759 ], [ -124.5424254, 40.9507362 ], [ -124.5728941, 40.9626426 ], [ -124.601709700000015, 40.9485647 ], [ -124.6000478, 40.9225884 ], [ -124.569591500000016, 40.910689 ], [ -124.540784699999989, 40.924759 ] ] ] } },
{ "type": "Feature", "properties": { "Program.Name": "NOAA SWFSC", "Full.Program.Name": "National Oceanic and Atmospheric Administration - Southwest Fisheries Science Center", "Monitoring.Program": "NOAA SWFSC", "Parameters": "Fish Egg Counts; Salinity; Temperature", "EOV.Groups": "Physical; Biological", "Parameter.Count": "3", "First.Year": "2018", "Last.Year": "2018", "Years.Sampled": "1", "Frequency": "Quarterly", "Platform": "Vessel", "Geometry.Types": "Fixed Station", "Depth.Range..m.": null, "Sample.Locations": "1", "Centroid.Latitude": "41.0925383129903", "Centroid.Longitude": "-124.581171479567", "Gebco.Mean.Depth": "-874", "Source.Files": "CalCOFI_NOAA_Transect_Continuous__FishEggCounts.csv" }, "geometry": { "type": "Polygon", "coordinates": [ [ [ -124.5506463, 41.0806323 ], [ -124.552294, 41.1066136 ], [ -124.5828306, 41.1185195 ], [ -124.6117068, 41.104437 ], [ -124.610037599999984, 41.0784566 ], [ -124.579513600000013, 41.0665578 ], [ -124.5506463, 41.0806323 ] ] ] } },
{ "type": "Feature", "properties": { "Program.Name": "NOAA SWFSC", "Full.Program.Name": "National Oceanic and Atmospheric Administration - Southwest Fisheries Science Center", "Monitoring.Program": "NOAA SWFSC", "Parameters": "Fish Egg Counts; Salinity; Temperature", "EOV.Groups": "Physical; Biological", "Parameter.Count": "3", "First.Year": "2015", "Last.Year": "2015", "Years.Sampled": "1", "Frequency": "Quarterly", "Platform": "Vessel", "Geometry.Types": "Fixed Station", "Depth.Range..m.": null, "Sample.Locations": "1", "Centroid.Latitude": "41.1325955570996", "Centroid.Longitude": "-124.553942980037", "Gebco.Mean.Depth": "-949", "Source.Files": "CalCOFI_NOAA_Transect_Continuous__FishEggCounts.csv" }, "geometry": { "type": "Polygon", "coordinates": [ [ [ -124.5234053, 41.1206824 ], [ -124.525044099999988, 41.1466651 ], [ -124.5555931, 41.1585782 ], [ -124.584490799999983, 41.1445014 ], [ -124.5828306, 41.1185195 ], [ -124.552294, 41.1066136 ], [ -124.5234053, 41.1206824 ] ] ] } },
{ "type": "Feature", "properties": { "Program.Name": "NOAA SWFSC", "Full.Program.Name": "National Oceanic and Atmospheric Administration - Southwest Fisheries Science Center", "Monitoring.Program": "NOAA SWFSC", "Parameters": "Fish Egg Counts; Salinity; Temperature", "EOV.Groups": "Physical; Biological", "Parameter.Count": "3", "First.Year": "2016", "Last.Year": "2016", "Years.Sampled": "1", "Frequency": "Quarterly", "Platform": "Vessel", "Geometry.Types": "Fixed Station", "Depth.Range..m.": null, "Sample.Locations": "1", "Centroid.Latitude": "35.7797062263487", "Centroid.Longitude": "-122.104331482177", "Gebco.Mean.Depth": "-1235", "Source.Files": "CalCOFI_NOAA_Transect_Continuous__FishEggCounts.csv" }, "geometry": { "type": "Polygon", "coordinates": [ [ [ -122.076302899999973, 35.767213 ], [ -122.077003, 35.7931916 ], [ -122.105041199999988, 35.8056845 ], [ -122.132369200000014, 35.7921926 ], [ -122.131650400000012, 35.7662143 ], [ -122.103622199999975, 35.7537276 ], [ -122.076302899999973, 35.767213 ] ] ] } },
{ "type": "Feature", "properties": { "Program.Name": "NOAA SWFSC", "Full.Program.Name": "National Oceanic and Atmospheric Administration - Southwest Fisheries Science Center", "Monitoring.Program": "NOAA SWFSC", "Parameters": "Fish Egg Counts; Salinity; Temperature", "EOV.Groups": "Physical; Biological", "Parameter.Count": "3", "First.Year": "2016", "Last.Year": "2016", "Years.Sampled": "1", "Frequency": "Quarterly", "Platform": "Vessel", "Geometry.Types": "Fixed Station", "Depth.Range..m.": null, "Sample.Locations": "1", "Centroid.Latitude": "35.7412340116253", "Centroid.Longitude": "-122.0756031662", "Gebco.Mean.Depth": "-1155", "Source.Files": "CalCOFI_NOAA_Transect_Continuous__FishEggCounts.csv" }, "geometry": { "type": "Polygon", "coordinates": [ [ [ -122.04759319999998, 35.7287336 ], [ -122.0482833, 35.754713 ], [ -122.076302899999973, 35.767213 ], [ -122.103622199999975, 35.7537276 ], [ -122.1029135, 35.7277485 ], [ -122.0749039, 35.7152546 ], [ -122.04759319999998, 35.7287336 ] ] ] } },
{ "type": "Feature", "properties": { "Program.Name": "NOAA SWFSC", "Full.Program.Name": "National Oceanic and Atmospheric Administration - Southwest Fisheries Science Center", "Monitoring.Program": "NOAA SWFSC", "Parameters": "Fish Egg Counts; Salinity; Temperature", "EOV.Groups": "Physical; Biological", "Parameter.Count": "3", "First.Year": "2016", "Last.Year": "2016", "Years.Sampled": "1", "Frequency": "Quarterly", "Platform": "Vessel", "Geometry.Types": "Fixed Station", "Depth.Range..m.": null, "Sample.Locations": "1", "Centroid.Latitude": "35.7806919659599", "Centroid.Longitude": "-122.048973938102", "Gebco.Mean.Depth": "-1113", "Source.Files": "CalCOFI_NOAA_Transect_Continuous__FishEggCounts.csv" }, "geometry": { "type": "Polygon", "coordinates": [ [ [ -122.0209539, 35.7681855 ], [ -122.021635499999988, 35.7941644 ], [ -122.049665, 35.8066705 ], [ -122.077003, 35.7931916 ], [ -122.076302899999973, 35.767213 ], [ -122.0482833, 35.754713 ], [ -122.0209539, 35.7681855 ] ] ] } },
{ "type": "Feature", "properties": { "Program.Name": "NOAA SWFSC", "Full.Program.Name": "National Oceanic and Atmospheric Administration - Southwest Fisheries Science Center", "Monitoring.Program": "NOAA SWFSC", "Parameters": "Fish Egg Counts; Salinity; Temperature", "EOV.Groups": "Physical; Biological", "Parameter.Count": "3", "First.Year": "2016", "Last.Year": "2016", "Years.Sampled": "1", "Frequency": "Quarterly", "Platform": "Vessel", "Geometry.Types": "Fixed Station", "Depth.Range..m.": null, "Sample.Locations": "2", "Centroid.Latitude": "35.5872650247235", "Centroid.Longitude": "-121.960976101853", "Gebco.Mean.Depth": "-1058.5", "Source.Files": "CalCOFI_NOAA_Transect_Continuous__FishEggCounts.csv" }, "geometry": { "type": "Polygon", "coordinates": [ [ [ -121.9330405, 35.5747358 ], [ -121.9336907, 35.6007185 ], [ -121.96163580000001, 35.6132473 ], [ -121.988920799999988, 35.5997874 ], [ -121.988252, 35.573805 ], [ -121.9603168, 35.5612823 ], [ -121.9330405, 35.5747358 ] ] ] } },
{ "type": "Feature", "properties": { "Program.Name": "NOAA SWFSC", "Full.Program.Name": "National Oceanic and Atmospheric Administration - Southwest Fisheries Science Center", "Monitoring.Program": "NOAA SWFSC", "Parameters": "Fish Egg Counts; Salinity; Temperature", "EOV.Groups": "Physical; Biological", "Parameter.Count": "3", "First.Year": "2017", "Last.Year": "2017", "Years.Sampled": "1", "Frequency": "Quarterly", "Platform": "Vessel", "Geometry.Types": "Fixed Station", "Depth.Range..m.": null, "Sample.Locations": "1", "Centroid.Latitude": "35.6652105213789", "Centroid.Longitude": "-121.962956661979", "Gebco.Mean.Depth": "-1174", "Source.Files": "CalCOFI_NOAA_Transect_Continuous__FishEggCounts.csv" }, "geometry": { "type": "Polygon", "coordinates": [ [ [ -121.9349925, 35.6526825 ], [ -121.9356441, 35.678663799999988 ], [ -121.963617700000015, 35.6911915 ], [ -121.990929900000012, 35.6777318 ], [ -121.990259699999982, 35.6517508 ], [ -121.962296, 35.6392291 ], [ -121.9349925, 35.6526825 ] ] ] } },
{ "type": "Feature", "properties": { "Program.Name": "NOAA SWFSC", "Full.Program.Name": "National Oceanic and Atmospheric Administration - Southwest Fisheries Science Center", "Monitoring.Program": "NOAA SWFSC", "Parameters": "Fish Egg Counts; Salinity; Temperature", "EOV.Groups": "Physical; Biological", "Parameter.Count": "3", "First.Year": "2016", "Last.Year": "2016", "Years.Sampled": "1", "Frequency": "Quarterly", "Platform": "Vessel", "Geometry.Types": "Fixed Station", "Depth.Range..m.": null, "Sample.Locations": "1", "Centroid.Latitude": "35.5487527152768", "Centroid.Longitude": "-121.932390698027", "Gebco.Mean.Depth": "-1020", "Source.Files": "CalCOFI_NOAA_Transect_Continuous__FishEggCounts.csv" }, "geometry": { "type": "Polygon", "coordinates": [ [ [ -121.904473599999989, 35.5362163 ], [ -121.905114, 35.5621998 ], [ -121.9330405, 35.5747358 ], [ -121.9603168, 35.5612823 ], [ -121.9596579, 35.5352991 ], [ -121.9317413, 35.5227691 ], [ -121.904473599999989, 35.5362163 ] ] ] } },
{ "type": "Feature", "properties": { "Program.Name": "NOAA SWFSC", "Full.Program.Name": "National Oceanic and Atmospheric Administration - Southwest Fisheries Science Center", "Monitoring.Program": "NOAA SWFSC", "Parameters": "Fish Egg Counts; Salinity; Temperature", "EOV.Groups": "Physical; Biological", "Parameter.Count": "3", "First.Year": "2015", "Last.Year": "2015", "Years.Sampled": "1", "Frequency": "Quarterly", "Platform": "Vessel", "Geometry.Types": "Fixed Station", "Depth.Range..m.": null, "Sample.Locations": "1", "Centroid.Latitude": "35.6267007032686", "Centroid.Longitude": "-121.934341418024", "Gebco.Mean.Depth": "-1023", "Source.Files": "CalCOFI_NOAA_Transect_Continuous__FishEggCounts.csv" }, "geometry": { "type": "Polygon", "coordinates": [ [ [ -121.9063959, 35.6141655 ], [ -121.9070375, 35.6401476 ], [ -121.9349925, 35.6526825 ], [ -121.962296, 35.6392291 ], [ -121.96163580000001, 35.6132473 ], [ -121.9336907, 35.6007185 ], [ -121.9063959, 35.6141655 ] ] ] } },
{ "type": "Feature", "properties": { "Program.Name": "NOAA SWFSC", "Full.Program.Name": "National Oceanic and Atmospheric Administration - Southwest Fisheries Science Center", "Monitoring.Program": "NOAA SWFSC", "Parameters": "Fish Egg Counts; Salinity; Temperature", "EOV.Groups": "Physical; Biological", "Parameter.Count": "3", "First.Year": "2015", "Last.Year": "2018", "Years.Sampled": "4", "Frequency": "Quarterly", "Platform": "Vessel", "Geometry.Types": "Fixed Station", "Depth.Range..m.": null, "Sample.Locations": "2", "Centroid.Latitude": "35.7046446277212", "Centroid.Longitude": "-121.9362960799", "Gebco.Mean.Depth": "-1107", "Source.Files": "CalCOFI_NOAA_Transect_Continuous__FishEggCounts.csv" }, "geometry": { "type": "Polygon", "coordinates": [ [ [ -121.908322, 35.6921105 ], [ -121.9089649, 35.7180913 ], [ -121.9369485, 35.7306251 ], [ -121.964279300000015, 35.717172 ], [ -121.963617700000015, 35.6911915 ], [ -121.9356441, 35.678663799999988 ], [ -121.908322, 35.6921105 ] ] ] } },
{ "type": "Feature", "properties": { "Program.Name": "NOAA SWFSC", "Full.Program.Name": "National Oceanic and Atmospheric Administration - Southwest Fisheries Science Center", "Monitoring.Program": "NOAA SWFSC", "Parameters": "Fish Egg Counts; Salinity; Temperature", "EOV.Groups": "Physical; Biological", "Parameter.Count": "3", "First.Year": "2017", "Last.Year": "2018", "Years.Sampled": "2", "Frequency": "Quarterly", "Platform": "Vessel", "Geometry.Types": "Fixed Station", "Depth.Range..m.": null, "Sample.Locations": "2", "Centroid.Latitude": "35.5102323684013", "Centroid.Longitude": "-121.903833764241", "Gebco.Mean.Depth": "-1037", "Source.Files": "CalCOFI_NOAA_Transect_Continuous__FishEggCounts.csv" }, "geometry": { "type": "Polygon", "coordinates": [ [ [ -121.8759352, 35.4976888 ], [ -121.8765656, 35.5236731 ], [ -121.904473599999989, 35.5362163 ], [ -121.9317413, 35.5227691 ], [ -121.931092400000011, 35.4967851 ], [ -121.9031943, 35.4842479 ], [ -121.8759352, 35.4976888 ] ] ] } },
{ "type": "Feature", "properties": { "Program.Name": "NOAA SWFSC", "Full.Program.Name": "National Oceanic and Atmospheric Administration - Southwest Fisheries Science Center", "Monitoring.Program": "NOAA SWFSC", "Parameters": "Fish Egg Counts; Salinity; Temperature", "EOV.Groups": "Physical; Biological", "Parameter.Count": "3", "First.Year": "2016", "Last.Year": "2016", "Years.Sampled": "1", "Frequency": "Quarterly", "Platform": "Vessel", "Geometry.Types": "Fixed Station", "Depth.Range..m.": null, "Sample.Locations": "1", "Centroid.Latitude": "35.5881828732388", "Centroid.Longitude": "-121.905754702227", "Gebco.Mean.Depth": "-999", "Source.Files": "CalCOFI_NOAA_Transect_Continuous__FishEggCounts.csv" }, "geometry": { "type": "Polygon", "coordinates": [ [ [ -121.8778277, 35.5756404 ], [ -121.878459400000011, 35.6016234 ], [ -121.9063959, 35.6141655 ], [ -121.9336907, 35.6007185 ], [ -121.9330405, 35.5747358 ], [ -121.905114, 35.5621998 ], [ -121.8778277, 35.5756404 ] ] ] } },
{ "type": "Feature", "properties": { "Program.Name": "NOAA SWFSC", "Full.Program.Name": "National Oceanic and Atmospheric Administration - Southwest Fisheries Science Center", "Monitoring.Program": "NOAA SWFSC", "Parameters": "Fish Egg Counts; Salinity; Temperature", "EOV.Groups": "Physical; Biological", "Parameter.Count": "3", "First.Year": "2017", "Last.Year": "2017", "Years.Sampled": "1", "Frequency": "Quarterly", "Platform": "Vessel", "Geometry.Types": "Fixed Station", "Depth.Range..m.": null, "Sample.Locations": "1", "Centroid.Latitude": "35.7055506712276", "Centroid.Longitude": "-121.880990370261", "Gebco.Mean.Depth": "-1087", "Source.Files": "CalCOFI_NOAA_Transect_Continuous__FishEggCounts.csv" }, "geometry": { "type": "Polygon", "coordinates": [ [ [ -121.8530249, 35.6930033 ], [ -121.8536492, 35.718984299999988 ], [ -121.881624199999976, 35.7315314 ], [ -121.9089649, 35.7180913 ], [ -121.908322, 35.6921105 ], [ -121.880357, 35.6795695 ], [ -121.8530249, 35.6930033 ] ] ] } },
{ "type": "Feature", "properties": { "Program.Name": "NOAA SWFSC", "Full.Program.Name": "National Oceanic and Atmospheric Administration - Southwest Fisheries Science Center", "Monitoring.Program": "NOAA SWFSC", "Parameters": "Fish Egg Counts; Salinity; Temperature", "EOV.Groups": "Physical; Biological", "Parameter.Count": "3", "First.Year": "2016", "Last.Year": "2016", "Years.Sampled": "1", "Frequency": "Quarterly", "Platform": "Vessel", "Geometry.Types": "Fixed Station", "Depth.Range..m.": null, "Sample.Locations": "1", "Centroid.Latitude": "35.5111231526085", "Centroid.Longitude": "-121.848666705355", "Gebco.Mean.Depth": "-1109", "Source.Files": "CalCOFI_NOAA_Transect_Continuous__FishEggCounts.csv" }, "geometry": { "type": "Polygon", "coordinates": [ [ [ -121.8207768, 35.4985664 ], [ -121.821388700000014, 35.524551 ], [ -121.84928810000001, 35.537107399999989 ], [ -121.8765656, 35.5236731 ], [ -121.8759352, 35.4976888 ], [ -121.8480458, 35.4851384 ], [ -121.8207768, 35.4985664 ] ] ] } },
{ "type": "Feature", "properties": { "Program.Name": "NOAA SWFSC", "Full.Program.Name": "National Oceanic and Atmospheric Administration - Southwest Fisheries Science Center", "Monitoring.Program": "NOAA SWFSC", "Parameters": "Fish Egg Counts; Salinity; Temperature", "EOV.Groups": "Physical; Biological", "Parameter.Count": "3", "First.Year": "2018", "Last.Year": "2018", "Years.Sampled": "1", "Frequency": "Quarterly", "Platform": "Vessel", "Geometry.Types": "Fixed Station", "Depth.Range..m.": null, "Sample.Locations": "1", "Centroid.Latitude": "35.5505351337204", "Centroid.Longitude": "-121.822000983625", "Gebco.Mean.Depth": "-987", "Source.Files": "CalCOFI_NOAA_Transect_Continuous__FishEggCounts.csv" }, "geometry": { "type": "Polygon", "coordinates": [ [ [ -121.794101200000014, 35.5379723 ], [ -121.7947044, 35.5639563 ], [ -121.8226137, 35.5765188 ], [ -121.849909799999978, 35.563091199999988 ], [ -121.84928810000001, 35.537107399999989 ], [ -121.821388700000014, 35.524551 ], [ -121.794101200000014, 35.5379723 ] ] ] } },
{ "type": "Feature", "properties": { "Program.Name": "NOAA SWFSC", "Full.Program.Name": "National Oceanic and Atmospheric Administration - Southwest Fisheries Science Center", "Monitoring.Program": "NOAA SWFSC", "Parameters": "Fish Egg Counts; Salinity; Temperature", "EOV.Groups": "Physical; Biological", "Parameter.Count": "3", "First.Year": "2015", "Last.Year": "2015", "Years.Sampled": "1", "Frequency": "Quarterly", "Platform": "Vessel", "Geometry.Types": "Fixed Station", "Depth.Range..m.": null, "Sample.Locations": "1", "Centroid.Latitude": "35.6284848270686", "Centroid.Longitude": "-121.823840323458", "Gebco.Mean.Depth": "-992", "Source.Files": "CalCOFI_NOAA_Transect_Continuous__FishEggCounts.csv" }, "geometry": { "type": "Polygon", "coordinates": [ [ [ -121.7959121, 35.6159231 ], [ -121.796516499999981, 35.6419058 ], [ -121.8244543, 35.6544672 ], [ -121.8517776, 35.6410398 ], [ -121.8511546, 35.6150574 ], [ -121.8232268, 35.6025021 ], [ -121.7959121, 35.6159231 ] ] ] } },
{ "type": "Feature", "properties": { "Program.Name": "NOAA SWFSC", "Full.Program.Name": "National Oceanic and Atmospheric Administration - Southwest Fisheries Science Center", "Monitoring.Program": "NOAA SWFSC", "Parameters": "Fish Egg Counts; Salinity; Temperature", "EOV.Groups": "Physical; Biological", "Parameter.Count": "3", "First.Year": "2016", "Last.Year": "2017", "Years.Sampled": "2", "Frequency": "Quarterly", "Platform": "Vessel", "Geometry.Types": "Fixed Station", "Depth.Range..m.": null, "Sample.Locations": "2", "Centroid.Latitude": "35.5899399296494", "Centroid.Longitude": "-121.795308060623", "Gebco.Mean.Depth": "-968.5", "Source.Files": "CalCOFI_NOAA_Transect_Continuous__FishEggCounts.csv" }, "geometry": { "type": "Polygon", "coordinates": [ [ [ -121.7673984, 35.577371 ], [ -121.767993, 35.6033545 ], [ -121.7959121, 35.6159231 ], [ -121.8232268, 35.6025021 ], [ -121.8226137, 35.5765188 ], [ -121.7947044, 35.5639563 ], [ -121.7673984, 35.577371 ] ] ] } },
{ "type": "Feature", "properties": { "Program.Name": "NOAA SWFSC", "Full.Program.Name": "National Oceanic and Atmospheric Administration - Southwest Fisheries Science Center", "Monitoring.Program": "NOAA SWFSC", "Parameters": "Fish Egg Counts; Salinity; Temperature", "EOV.Groups": "Physical; Biological", "Parameter.Count": "3", "First.Year": "2015", "Last.Year": "2015", "Years.Sampled": "1", "Frequency": "Quarterly", "Platform": "Vessel", "Geometry.Types": "Fixed Station", "Depth.Range..m.": null, "Sample.Locations": "1", "Centroid.Latitude": "35.6301640426411", "Centroid.Longitude": "-121.713334272929", "Gebco.Mean.Depth": "-908", "Source.Files": "CalCOFI_NOAA_Transect_Continuous__FishEggCounts.csv" }, "geometry": { "type": "Polygon", "coordinates": [ [ [ -121.6854234, 35.6175758 ], [ -121.6859907, 35.643559 ], [ -121.713911, 35.6561469 ], [ -121.7412542, 35.6427455 ], [ -121.7406684, 35.6167625 ], [ -121.7127579, 35.6041807 ], [ -121.6854234, 35.6175758 ] ] ] } },
{ "type": "Feature", "properties": { "Program.Name": "NOAA SWFSC", "Full.Program.Name": "National Oceanic and Atmospheric Administration - Southwest Fisheries Science Center", "Monitoring.Program": "NOAA SWFSC", "Parameters": "Fish Egg Counts; Salinity; Temperature", "EOV.Groups": "Physical; Biological", "Parameter.Count": "3", "First.Year": "2016", "Last.Year": "2016", "Years.Sampled": "1", "Frequency": "Quarterly", "Platform": "Vessel", "Geometry.Types": "Fixed Station", "Depth.Range..m.": null, "Sample.Locations": "1", "Centroid.Latitude": "35.4356803580218", "Centroid.Longitude": "-121.681463206266", "Gebco.Mean.Depth": "-1104", "Source.Files": "CalCOFI_NOAA_Transect_Continuous__FishEggCounts.csv" }, "geometry": { "type": "Polygon", "coordinates": [ [ [ -121.653627699999987, 35.4230828 ], [ -121.6541828, 35.4490696 ], [ -121.6820278, 35.4616668 ], [ -121.7093078, 35.4482711 ], [ -121.7087342, 35.422284499999989 ], [ -121.680899, 35.4096934 ], [ -121.653627699999987, 35.4230828 ] ] ] } },
{ "type": "Feature", "properties": { "Program.Name": "NOAA SWFSC", "Full.Program.Name": "National Oceanic and Atmospheric Administration - Southwest Fisheries Science Center", "Monitoring.Program": "NOAA SWFSC", "Parameters": "Fish Egg Counts; Salinity; Temperature", "EOV.Groups": "Physical; Biological", "Parameter.Count": "3", "First.Year": "2016", "Last.Year": "2016", "Years.Sampled": "1", "Frequency": "Quarterly", "Platform": "Vessel", "Geometry.Types": "Fixed Station", "Depth.Range..m.": null, "Sample.Locations": "1", "Centroid.Latitude": "35.5915921262927", "Centroid.Longitude": "-121.684856545416", "Gebco.Mean.Depth": "-910", "Source.Files": "CalCOFI_NOAA_Transect_Continuous__FishEggCounts.csv" }, "geometry": { "type": "Polygon", "coordinates": [ [ [ -121.656964299999984, 35.5789967 ], [ -121.6575217, 35.6049807 ], [ -121.6854234, 35.6175758 ], [ -121.7127579, 35.6041807 ], [ -121.7121819, 35.578197 ], [ -121.68429, 35.565608 ], [ -121.656964299999984, 35.5789967 ] ] ] } },
{ "type": "Feature", "properties": { "Program.Name": "NOAA SWFSC", "Full.Program.Name": "National Oceanic and Atmospheric Administration - Southwest Fisheries Science Center", "Monitoring.Program": "NOAA SWFSC", "Parameters": "Fish Egg Counts; Salinity; Temperature", "EOV.Groups": "Physical; Biological", "Parameter.Count": "3", "First.Year": "2015", "Last.Year": "2020", "Years.Sampled": "6", "Frequency": "Quarterly", "Platform": "Vessel", "Geometry.Types": "Fixed Station", "Depth.Range..m.": null, "Sample.Locations": "5", "Centroid.Latitude": "35.4750559987842", "Centroid.Longitude": "-121.654738368637", "Gebco.Mean.Depth": "-1024.4", "Source.Files": "CalCOFI_NOAA_Transect_Continuous__FishEggCounts.csv" }, "geometry": { "type": "Polygon", "coordinates": [ [ [ -121.626893, 35.4624524 ], [ -121.6274395, 35.4884386 ], [ -121.6552943, 35.5010419 ], [ -121.6825928, 35.4876528 ], [ -121.6820278, 35.4616668 ], [ -121.6541828, 35.4490696 ], [ -121.626893, 35.4624524 ] ] ] } },
{ "type": "Feature", "properties": { "Program.Name": "NOAA SWFSC", "Full.Program.Name": "National Oceanic and Atmospheric Administration - Southwest Fisheries Science Center", "Monitoring.Program": "NOAA SWFSC", "Parameters": "Fish Egg Counts; Salinity; Temperature", "EOV.Groups": "Physical; Biological", "Parameter.Count": "3", "First.Year": "2016", "Last.Year": "2017", "Years.Sampled": "2", "Frequency": "Quarterly", "Platform": "Vessel", "Geometry.Types": "Fixed Station", "Depth.Range..m.": null, "Sample.Locations": "2", "Centroid.Latitude": "35.4758285572955", "Centroid.Longitude": "-121.599593752549", "Gebco.Mean.Depth": "-964", "Source.Files": "CalCOFI_NOAA_Transect_Continuous__FishEggCounts.csv" }, "geometry": { "type": "Polygon", "coordinates": [ [ [ -121.5717571, 35.4632117 ], [ -121.5722851, 35.4891982 ], [ -121.6001312, 35.5018147 ], [ -121.6274395, 35.4884386 ], [ -121.626893, 35.4624524 ], [ -121.5990567, 35.4498419 ], [ -121.5717571, 35.4632117 ] ] ] } },
{ "type": "Feature", "properties": { "Program.Name": "NOAA SWFSC", "Full.Program.Name": "National Oceanic and Atmospheric Administration - Southwest Fisheries Science Center", "Monitoring.Program": "NOAA SWFSC", "Parameters": "Fish Egg Counts; Salinity; Temperature", "EOV.Groups": "Physical; Biological", "Parameter.Count": "3", "First.Year": "2018", "Last.Year": "2018", "Years.Sampled": "1", "Frequency": "Quarterly", "Platform": "Vessel", "Geometry.Types": "Fixed Station", "Depth.Range..m.": null, "Sample.Locations": "1", "Centroid.Latitude": "35.5151842204816", "Centroid.Longitude": "-121.57281337676", "Gebco.Mean.Depth": "-917", "Source.Files": "CalCOFI_NOAA_Transect_Continuous__FishEggCounts.csv" }, "geometry": { "type": "Polygon", "coordinates": [ [ [ -121.5449669, 35.5025613 ], [ -121.5454862, 35.5285472 ], [ -121.573342, 35.5411698 ], [ -121.600668899999988, 35.5278003 ], [ -121.6001312, 35.5018147 ], [ -121.5722851, 35.4891982 ], [ -121.5449669, 35.5025613 ] ] ] } },
{ "type": "Feature", "properties": { "Program.Name": "NOAA THL", "Full.Program.Name": "National Oceanic and Atmospheric Administration - Trinidad Head Line", "Monitoring.Program": "NOAA THL", "Parameters": "Chlorophyll-a; Density (Sigma Theta); Dissolved Oxygen; Krill (Euphausiid) Biomass; Krill (Euphausiid) Size; pH; Radiative Flux; Salinity; Temperature; Transmissivity", "EOV.Groups": "Biogeochemical; Biological; Physical", "Parameter.Count": "10", "First.Year": "2007", "Last.Year": "2021", "Years.Sampled": "15", "Frequency": "Monthly", "Platform": "Vessel & Glider", "Geometry.Types": "Fixed Station", "Depth.Range..m.": null, "Sample.Locations": "2", "Centroid.Latitude": "41.0524768622983", "Centroid.Longitude": "-124.608369622353", "Gebco.Mean.Depth": "-753", "Source.Files": "CCIEA_THL_NorCal_KrillBiomassKrillSize.csv; th05-trinidad-head-line_dce8_3f31_2aab.csv; THL_NorCal_th05_cholor_conc.csv; THL_NorCal_th05_O2_seawater.csv; THL_NorCal_th05_pH.csv; THL_NorCal_th05_practical_salinity.csv; THL_NorCal_th05_radiativeflux.csv; THL_NorCal_th05_seawater_temp.csv; THL_NorCal_th05_sigmaT.csv; THL_NorCal_th05_station.csv; THL_NorCal_th05_transmissivity.csv" }, "geometry": { "type": "Polygon", "coordinates": [ [ [ -124.577856900000015, 41.040578 ], [ -124.579513600000013, 41.0665578 ], [ -124.610037599999984, 41.0784566 ], [ -124.638892399999989, 41.0643684 ], [ -124.6372143, 41.0383895 ], [ -124.6067028, 41.0264978 ], [ -124.577856900000015, 41.040578 ] ] ] } },
{ "type": "Feature", "properties": { "Program.Name": "NOAA WCOA", "Full.Program.Name": "National Oceanic and Atmospheric Administration -  West Coast Ocean Acidification Program", "Monitoring.Program": "NOAA WCOA", "Parameters": "Ammonium; Chlorophyll-a; Dissolved Inorganic Carbon (DIC); Dissolved Oxygen; fCO2; Nitrate; Nitrite; pCO2; pH; Phosphate; Salinity; Silicate; Temperature; Total Alkalinity", "EOV.Groups": "Biogeochemical; Physical", "Parameter.Count": "14", "First.Year": "2011", "Last.Year": "2012", "Years.Sampled": "2", "Frequency": "Episodic, Multi-year, Monthly", "Platform": "Vessel", "Geometry.Types": "Fixed Station", "Depth.Range..m.": null, "Sample.Locations": "59", "Centroid.Latitude": "40.9678559834599", "Centroid.Longitude": "-124.78126826607", "Gebco.Mean.Depth": "-876.935664335664", "Source.Files": "NOAA_WCOA_underway_2012_3.csv; NOAA_WCOA_underway_2012_4.csv; NOAA_WCOA_underway_2024_3.csv; NOAA_WCOA_underway_2024_5.csv; NOAA_WCOA_W02.csv; NOAA_WCOA_W02_ParticulateOrganicNitrogen_ParticulateOrganicCarbon .csv; NOAA_WCOA_W02_Salinity_Temp_Depth_Pressure_DO_pH_Alkalinity_Nutrients_ChlorophyllConc_2011.csv; NOAA_WCOA_W03_2012.csv; NOAA_WCOA_W03_Salinity_Temp_Depth_Pressure_DO_Alkalinity_Nutrients_ChlorophyllConc_2012.csv" }, "geometry": { "type": "Polygon", "coordinates": [ [ [ -124.7507629, 40.9560003 ], [ -124.752480100000014, 40.9819755 ], [ -124.7829967, 40.9938311 ], [ -124.811783699999978, 40.9797043 ], [ -124.8100451, 40.95373 ], [ -124.779541, 40.9418815 ], [ -124.7507629, 40.9560003 ] ] ] } },
{ "type": "Feature", "properties": { "Program.Name": "NOAA WCOA", "Full.Program.Name": "National Oceanic and Atmospheric Administration -  West Coast Ocean Acidification Program", "Monitoring.Program": "NOAA WCOA", "Parameters": "Ammonium; Chlorophyll-a; Dissolved Inorganic Carbon (DIC); Dissolved Oxygen; fCO2; Nitrate; Nitrite; pCO2; pH; Phosphate; Salinity; Silicate; Temperature; Total Alkalinity", "EOV.Groups": "Biogeochemical; Physical", "Parameter.Count": "14", "First.Year": "2011", "Last.Year": "2021", "Years.Sampled": "11", "Frequency": "Episodic, Multi-year, Monthly", "Platform": "Vessel", "Geometry.Types": "Fixed Station", "Depth.Range..m.": null, "Sample.Locations": "44", "Centroid.Latitude": "35.4758285572955", "Centroid.Longitude": "-121.599593752549", "Gebco.Mean.Depth": "-992.989417989418", "Source.Files": "NOAA_WCOA_PhytoplanktonAbundance_BacterioplanktonAbundance.csv; NOAA_WCOA_PhytoplanktonAbundance_BacterioplanktonAbundance_methane1.csv; NOAA_WCOA_underway_2011_2_1.csv; NOAA_WCOA_underway_2022_4.csv; NOAA_WCOA2021_Methane_PhytoplanktonAbundance_BacterioplanktonAbundance_Salinity_Temp_Depth_Pressure_DO_pH_Alkalinity_Nutrients_2022_09-28.csv" }, "geometry": { "type": "Polygon", "coordinates": [ [ [ -121.5717571, 35.4632117 ], [ -121.5722851, 35.4891982 ], [ -121.6001312, 35.5018147 ], [ -121.6274395, 35.4884386 ], [ -121.626893, 35.4624524 ], [ -121.5990567, 35.4498419 ], [ -121.5717571, 35.4632117 ] ] ] } },
{ "type": "Feature", "properties": { "Program.Name": "NOAA WCOA", "Full.Program.Name": "National Oceanic and Atmospheric Administration -  West Coast Ocean Acidification Program", "Monitoring.Program": "NOAA WCOA", "Parameters": "fCO2; pCO2; Salinity; Temperature", "EOV.Groups": "Biogeochemical; Physical", "Parameter.Count": "4", "First.Year": null, "Last.Year": null, "Years.Sampled": null, "Frequency": "Episodic, Multi-year, Monthly", "Platform": "Vessel", "Geometry.Types": "Fixed Station", "Depth.Range..m.": null, "Sample.Locations": "7", "Centroid.Latitude": "41.0056793159567", "Centroid.Longitude": "-124.813523456137", "Gebco.Mean.Depth": "-969.285714285714", "Source.Files": "NOAA_WCOA_underway_2024_5.csv" }, "geometry": { "type": "Polygon", "coordinates": [ [ [ -124.7829967, 40.9938311 ], [ -124.7847265, 41.0198069 ], [ -124.815264500000012, 41.031655 ], [ -124.844060200000015, 41.0175202 ], [ -124.8423091, 40.9915453 ], [ -124.811783699999978, 40.9797043 ], [ -124.7829967, 40.9938311 ] ] ] } },
{ "type": "Feature", "properties": { "Program.Name": "NOAA WCOA", "Full.Program.Name": "National Oceanic and Atmospheric Administration -  West Coast Ocean Acidification Program", "Monitoring.Program": "NOAA WCOA", "Parameters": "fCO2; pCO2; Salinity; Temperature", "EOV.Groups": "Biogeochemical; Physical", "Parameter.Count": "4", "First.Year": "2011", "Last.Year": "2011", "Years.Sampled": "1", "Frequency": "Episodic, Multi-year, Monthly", "Platform": "Vessel", "Geometry.Types": "Fixed Station", "Depth.Range..m.": null, "Sample.Locations": "4", "Centroid.Latitude": "41.0457833122089", "Centroid.Longitude": "-124.786457439345", "Gebco.Mean.Depth": "-936.5", "Source.Files": "NOAA_WCOA_underway_2011_2.csv; NOAA_WCOA_underway_2024_3.csv" }, "geometry": { "type": "Polygon", "coordinates": [ [ [ -124.755918199999982, 41.033928 ], [ -124.7576391, 41.0599052 ], [ -124.7881897, 41.0717604 ], [ -124.8170068, 41.0576313 ], [ -124.815264500000012, 41.031655 ], [ -124.7847265, 41.0198069 ], [ -124.755918199999982, 41.033928 ] ] ] } },
{ "type": "Feature", "properties": { "Program.Name": "NOAA WCOA", "Full.Program.Name": "National Oceanic and Atmospheric Administration -  West Coast Ocean Acidification Program", "Monitoring.Program": "NOAA WCOA", "Parameters": "fCO2; pCO2; Salinity; Temperature", "EOV.Groups": "Biogeochemical; Physical", "Parameter.Count": "4", "First.Year": "2012", "Last.Year": "2012", "Years.Sampled": "1", "Frequency": "Episodic, Multi-year, Monthly", "Platform": "Vessel", "Geometry.Types": "Fixed Station", "Depth.Range..m.": null, "Sample.Locations": "25", "Centroid.Latitude": "40.9300257952865", "Centroid.Longitude": "-124.749046979418", "Gebco.Mean.Depth": "-825.892063492063", "Source.Files": "NOAA_WCOA_underway_2012_4.csv; NOAA_WCOA_underway_2022_3.csv; NOAA_WCOA_underway_2023_5.csv; NOAA_WCOA_underway_2024_3.csv" }, "geometry": { "type": "Polygon", "coordinates": [ [ [ -124.718563, 40.9181627 ], [ -124.7202676, 40.9441374 ], [ -124.7507629, 40.9560003 ], [ -124.779541, 40.9418815 ], [ -124.777815100000012, 40.9159078 ], [ -124.747332300000011, 40.9040519 ], [ -124.718563, 40.9181627 ] ] ] } },
{ "type": "Feature", "properties": { "Program.Name": "NOAA WCOA", "Full.Program.Name": "National Oceanic and Atmospheric Administration -  West Coast Ocean Acidification Program", "Monitoring.Program": "NOAA WCOA", "Parameters": "fCO2; pCO2; Salinity; Temperature", "EOV.Groups": "Biogeochemical; Physical", "Parameter.Count": "4", "First.Year": null, "Last.Year": null, "Years.Sampled": null, "Frequency": "Episodic, Multi-year, Monthly", "Platform": "Vessel", "Geometry.Types": "Fixed Station", "Depth.Range..m.": null, "Sample.Locations": "261", "Centroid.Latitude": "41.0079514245155", "Centroid.Longitude": "-124.754198499915", "Gebco.Mean.Depth": "-727.734219269103", "Source.Files": "NOAA_WCOA_underway_2024_3.csv; NOAA_WCOA_underway_2024_5.csv" }, "geometry": { "type": "Polygon", "coordinates": [ [ [ -124.72368059999998, 40.9960887 ], [ -124.725388899999984, 41.0220653 ], [ -124.755918199999982, 41.033928 ], [ -124.7847265, 41.0198069 ], [ -124.7829967, 40.9938311 ], [ -124.752480100000014, 40.9819755 ], [ -124.72368059999998, 40.9960887 ] ] ] } },
{ "type": "Feature", "properties": { "Program.Name": "NOAA WCOA", "Full.Program.Name": "National Oceanic and Atmospheric Administration -  West Coast Ocean Acidification Program", "Monitoring.Program": "NOAA WCOA", "Parameters": "fCO2; pCO2; Salinity; Temperature", "EOV.Groups": "Biogeochemical; Physical", "Parameter.Count": "4", "First.Year": "2012", "Last.Year": "2012", "Years.Sampled": "1", "Frequency": "Episodic, Multi-year, Monthly", "Platform": "Vessel", "Geometry.Types": "Fixed Station", "Depth.Range..m.": null, "Sample.Locations": "5", "Centroid.Latitude": "40.8142706205961", "Centroid.Longitude": "-124.711756663177", "Gebco.Mean.Depth": "-859.2", "Source.Files": "NOAA_WCOA_underway_2012_3.csv" }, "geometry": { "type": "Polygon", "coordinates": [ [ [ -124.6813277, 40.8023998 ], [ -124.6830162, 40.828372 ], [ -124.7134564, 40.8402427 ], [ -124.742195599999988, 40.8261341 ], [ -124.7404859, 40.8001628 ], [ -124.7100582, 40.7882992 ], [ -124.6813277, 40.8023998 ] ] ] } },
{ "type": "Feature", "properties": { "Program.Name": "NOAA WCOA", "Full.Program.Name": "National Oceanic and Atmospheric Administration -  West Coast Ocean Acidification Program", "Monitoring.Program": "NOAA WCOA", "Parameters": "fCO2; pCO2; Salinity; Temperature", "EOV.Groups": "Biogeochemical; Physical", "Parameter.Count": "4", "First.Year": "2011", "Last.Year": "2011", "Years.Sampled": "1", "Frequency": "Episodic, Multi-year, Monthly", "Platform": "Vessel", "Geometry.Types": "Fixed Station", "Depth.Range..m.": null, "Sample.Locations": "18", "Centroid.Latitude": "40.8921887462379", "Centroid.Longitude": "-124.716859550185", "Gebco.Mean.Depth": "-775.575757575758", "Source.Files": "NOAA_WCOA_underway_2011_2.csv; NOAA_WCOA_underway_2022_5.csv; NOAA_WCOA_underway_2023_5.csv; NOAA_WCOA_underway_2024_4.csv; NOAA_WCOA_underway_2024_5.csv" }, "geometry": { "type": "Polygon", "coordinates": [ [ [ -124.686396899999977, 40.8803183 ], [ -124.688089, 40.9062924 ], [ -124.718563, 40.9181627 ], [ -124.747332300000011, 40.9040519 ], [ -124.745618799999988, 40.8780787 ], [ -124.71515740000001, 40.8662154 ], [ -124.686396899999977, 40.8803183 ] ] ] } },
{ "type": "Feature", "properties": { "Program.Name": "NOAA WCOA", "Full.Program.Name": "National Oceanic and Atmospheric Administration -  West Coast Ocean Acidification Program", "Monitoring.Program": "NOAA WCOA", "Parameters": "fCO2; pCO2; Salinity; Temperature", "EOV.Groups": "Biogeochemical; Physical", "Parameter.Count": "4", "First.Year": "2012", "Last.Year": "2012", "Years.Sampled": "1", "Frequency": "Episodic, Multi-year, Monthly", "Platform": "Vessel", "Geometry.Types": "Fixed Station", "Depth.Range..m.": null, "Sample.Locations": "39", "Centroid.Latitude": "40.9701127045147", "Centroid.Longitude": "-124.721973492998", "Gebco.Mean.Depth": "-744.996031746032", "Source.Files": "NOAA_WCOA_underway_2012_3.csv; NOAA_WCOA_underway_2012_4.csv; NOAA_WCOA_underway_2022_3.csv; NOAA_WCOA_underway_2023_5.csv; NOAA_WCOA_underway_2024_5.csv" }, "geometry": { "type": "Polygon", "coordinates": [ [ [ -124.691477, 40.9582426 ], [ -124.693172800000013, 40.9842186 ], [ -124.72368059999998, 40.9960887 ], [ -124.752480100000014, 40.9819755 ], [ -124.7507629, 40.9560003 ], [ -124.7202676, 40.9441374 ], [ -124.691477, 40.9582426 ] ] ] } },
{ "type": "Feature", "properties": { "Program.Name": "NOAA WCOA", "Full.Program.Name": "National Oceanic and Atmospheric Administration -  West Coast Ocean Acidification Program", "Monitoring.Program": "NOAA WCOA", "Parameters": "fCO2; pCO2; Salinity; Temperature", "EOV.Groups": "Biogeochemical; Physical", "Parameter.Count": "4", "First.Year": "2011", "Last.Year": "2092", "Years.Sampled": "82", "Frequency": "Episodic, Multi-year, Monthly", "Platform": "Vessel", "Geometry.Types": "Fixed Station", "Depth.Range..m.": null, "Sample.Locations": "9", "Centroid.Latitude": "41.0480426629102", "Centroid.Longitude": "-124.727098527554", "Gebco.Mean.Depth": "-892.5", "Source.Files": "NOAA_WCOA_underway_2011_2.csv; NOAA_WCOA_underway_2019_2.csv; NOAA_WCOA_underway_2024_5.csv" }, "geometry": { "type": "Polygon", "coordinates": [ [ [ -124.6965681, 41.0361728 ], [ -124.6982676, 41.0621509 ], [ -124.7288093, 41.0740207 ], [ -124.7576391, 41.0599052 ], [ -124.755918199999982, 41.033928 ], [ -124.725388899999984, 41.0220653 ], [ -124.6965681, 41.0361728 ] ] ] } },
{ "type": "Feature", "properties": { "Program.Name": "NOAA WCOA", "Full.Program.Name": "National Oceanic and Atmospheric Administration -  West Coast Ocean Acidification Program", "Monitoring.Program": "NOAA WCOA", "Parameters": "fCO2; pCO2; Salinity; Temperature", "EOV.Groups": "Biogeochemical; Physical", "Parameter.Count": "4", "First.Year": "2012", "Last.Year": "2012", "Years.Sampled": "1", "Frequency": "Episodic, Multi-year, Monthly", "Platform": "Vessel", "Geometry.Types": "Fixed Station", "Depth.Range..m.": null, "Sample.Locations": "18", "Centroid.Latitude": "40.7764282695756", "Centroid.Longitude": "-124.679640461524", "Gebco.Mean.Depth": "-762.5", "Source.Files": "NOAA_WCOA_underway_2012_3.csv; NOAA_WCOA_underway_2023_5.csv" }, "geometry": { "type": "Polygon", "coordinates": [ [ [ -124.6492328, 40.7645501 ], [ -124.6509088, 40.7905217 ], [ -124.6813277, 40.8023998 ], [ -124.7100582, 40.7882992 ], [ -124.708360899999988, 40.7623284 ], [ -124.6779544, 40.7504573 ], [ -124.6492328, 40.7645501 ] ] ] } },
{ "type": "Feature", "properties": { "Program.Name": "NOAA WCOA", "Full.Program.Name": "National Oceanic and Atmospheric Administration -  West Coast Ocean Acidification Program", "Monitoring.Program": "NOAA WCOA", "Parameters": "fCO2; pCO2; Salinity; Temperature", "EOV.Groups": "Biogeochemical; Physical", "Parameter.Count": "4", "First.Year": "2011", "Last.Year": "2011", "Years.Sampled": "1", "Frequency": "Episodic, Multi-year, Monthly", "Platform": "Vessel", "Geometry.Types": "Fixed Station", "Depth.Range..m.": null, "Sample.Locations": "18", "Centroid.Latitude": "40.8543448311032", "Centroid.Longitude": "-124.684705932444", "Gebco.Mean.Depth": "-821.6", "Source.Files": "NOAA_WCOA_underway_2011_2.csv; NOAA_WCOA_underway_2024_4.csv; NOAA_WCOA_underway_2024_5.csv" }, "geometry": { "type": "Polygon", "coordinates": [ [ [ -124.654264499999982, 40.842467 ], [ -124.6559442, 40.8684405 ], [ -124.686396899999977, 40.8803183 ], [ -124.71515740000001, 40.8662154 ], [ -124.7134564, 40.8402427 ], [ -124.6830162, 40.828372 ], [ -124.654264499999982, 40.842467 ] ] ] } },
{ "type": "Feature", "properties": { "Program.Name": "NOAA WCOA", "Full.Program.Name": "National Oceanic and Atmospheric Administration -  West Coast Ocean Acidification Program", "Monitoring.Program": "NOAA WCOA", "Parameters": "fCO2; pCO2; Salinity; Temperature", "EOV.Groups": "Biogeochemical; Physical", "Parameter.Count": "4", "First.Year": "2012", "Last.Year": "2012", "Years.Sampled": "1", "Frequency": "Episodic, Multi-year, Monthly", "Platform": "Vessel", "Geometry.Types": "Fixed Station", "Depth.Range..m.": null, "Sample.Locations": "37", "Centroid.Latitude": "40.9322671469751", "Centroid.Longitude": "-124.689782372517", "Gebco.Mean.Depth": "-694.752777777778", "Source.Files": "NOAA_WCOA_underway_2012_4.csv; NOAA_WCOA_underway_2022_5.csv; NOAA_WCOA_underway_2023_5.csv; NOAA_WCOA_underway_2024_4.csv; NOAA_WCOA_underway_2024_5.csv" }, "geometry": { "type": "Polygon", "coordinates": [ [ [ -124.659307200000015, 40.9203896 ], [ -124.6609905, 40.9463651 ], [ -124.691477, 40.9582426 ], [ -124.7202676, 40.9441374 ], [ -124.718563, 40.9181627 ], [ -124.688089, 40.9062924 ], [ -124.659307200000015, 40.9203896 ] ] ] } },
{ "type": "Feature", "properties": { "Program.Name": "NOAA WCOA", "Full.Program.Name": "National Oceanic and Atmospheric Administration -  West Coast Ocean Acidification Program", "Monitoring.Program": "NOAA WCOA", "Parameters": "fCO2; pCO2; Salinity; Temperature", "EOV.Groups": "Biogeochemical; Physical", "Parameter.Count": "4", "First.Year": "2092", "Last.Year": "2092", "Years.Sampled": "1", "Frequency": "Episodic, Multi-year, Monthly", "Platform": "Vessel", "Geometry.Types": "Fixed Station", "Depth.Range..m.": null, "Sample.Locations": "4", "Centroid.Latitude": "41.0101953843544", "Centroid.Longitude": "-124.694869817384", "Gebco.Mean.Depth": "-734.75", "Source.Files": "NOAA_WCOA_underway_2024_5.csv" }, "geometry": { "type": "Polygon", "coordinates": [ [ [ -124.6643608, 40.9983181 ], [ -124.666047699999979, 41.0242957 ], [ -124.6965681, 41.0361728 ], [ -124.725388899999984, 41.0220653 ], [ -124.72368059999998, 40.9960887 ], [ -124.693172800000013, 40.9842186 ], [ -124.6643608, 40.9983181 ] ] ] } },
{ "type": "Feature", "properties": { "Program.Name": "NOAA WCOA", "Full.Program.Name": "National Oceanic and Atmospheric Administration -  West Coast Ocean Acidification Program", "Monitoring.Program": "NOAA WCOA", "Parameters": "fCO2; pCO2; Salinity; Temperature", "EOV.Groups": "Biogeochemical; Physical", "Parameter.Count": "4", "First.Year": "2092", "Last.Year": "2092", "Years.Sampled": "1", "Frequency": "Episodic, Multi-year, Monthly", "Platform": "Vessel", "Geometry.Types": "Fixed Station", "Depth.Range..m.": null, "Sample.Locations": "2", "Centroid.Latitude": "41.0881297111012", "Centroid.Longitude": "-124.699968302836", "Gebco.Mean.Depth": "-939.5", "Source.Files": "NOAA_WCOA_underway_2019_2.csv; NOAA_WCOA_underway_2024_5.csv" }, "geometry": { "type": "Polygon", "coordinates": [ [ [ -124.669425299999986, 41.0762527 ], [ -124.6711159, 41.1022323 ], [ -124.701670299999989, 41.1141092 ], [ -124.730521399999986, 41.0999994 ], [ -124.7288093, 41.0740207 ], [ -124.6982676, 41.0621509 ], [ -124.669425299999986, 41.0762527 ] ] ] } },
{ "type": "Feature", "properties": { "Program.Name": "NOAA WCOA", "Full.Program.Name": "National Oceanic and Atmospheric Administration -  West Coast Ocean Acidification Program", "Monitoring.Program": "NOAA WCOA", "Parameters": "fCO2; pCO2; Salinity; Temperature", "EOV.Groups": "Biogeochemical; Physical", "Parameter.Count": "4", "First.Year": "2012", "Last.Year": "2012", "Years.Sampled": "1", "Frequency": "Episodic, Multi-year, Monthly", "Platform": "Vessel", "Geometry.Types": "Fixed Station", "Depth.Range..m.": null, "Sample.Locations": "32", "Centroid.Latitude": "40.8164940446584", "Centroid.Longitude": "-124.652586080331", "Gebco.Mean.Depth": "-726.9375", "Source.Files": "NOAA_WCOA_underway_2012_3.csv; NOAA_WCOA_underway_2024_4.csv" }, "geometry": { "type": "Polygon", "coordinates": [ [ [ -124.622166, 40.8046088 ], [ -124.6238332, 40.8305818 ], [ -124.654264499999982, 40.842467 ], [ -124.6830162, 40.828372 ], [ -124.6813277, 40.8023998 ], [ -124.6509088, 40.7905217 ], [ -124.622166, 40.8046088 ] ] ] } },
{ "type": "Feature", "properties": { "Program.Name": "NOAA WCOA", "Full.Program.Name": "National Oceanic and Atmospheric Administration -  West Coast Ocean Acidification Program", "Monitoring.Program": "NOAA WCOA", "Parameters": "fCO2; pCO2; Salinity; Temperature", "EOV.Groups": "Biogeochemical; Physical", "Parameter.Count": "4", "First.Year": "2011", "Last.Year": "2012", "Years.Sampled": "2", "Frequency": "Episodic, Multi-year, Monthly", "Platform": "Vessel", "Geometry.Types": "Fixed Station", "Depth.Range..m.": null, "Sample.Locations": "10", "Centroid.Latitude": "40.8944147466528", "Centroid.Longitude": "-124.657625092462", "Gebco.Mean.Depth": "-671.0625", "Source.Files": "NOAA_WCOA_underway_2011_2.csv; NOAA_WCOA_underway_2012_4.csv; NOAA_WCOA_underway_2024_5.csv" }, "geometry": { "type": "Polygon", "coordinates": [ [ [ -124.6271712, 40.8825298 ], [ -124.628842100000014, 40.908504799999989 ], [ -124.659307200000015, 40.9203896 ], [ -124.688089, 40.9062924 ], [ -124.686396899999977, 40.8803183 ], [ -124.6559442, 40.8684405 ], [ -124.6271712, 40.8825298 ] ] ] } },
{ "type": "Feature", "properties": { "Program.Name": "NOAA WCOA", "Full.Program.Name": "National Oceanic and Atmospheric Administration -  West Coast Ocean Acidification Program", "Monitoring.Program": "NOAA WCOA", "Parameters": "fCO2; pCO2; Salinity; Temperature", "EOV.Groups": "Biogeochemical; Physical", "Parameter.Count": "4", "First.Year": "2012", "Last.Year": "2092", "Years.Sampled": "81", "Frequency": "Episodic, Multi-year, Monthly", "Platform": "Vessel", "Geometry.Types": "Fixed Station", "Depth.Range..m.": null, "Sample.Locations": "95", "Centroid.Latitude": "40.9723412916584", "Centroid.Longitude": "-124.662675022683", "Gebco.Mean.Depth": "-695.851063829787", "Source.Files": "NOAA_WCOA_underway_2012_3.csv; NOAA_WCOA_underway_2022_5.csv; NOAA_WCOA_underway_2024_5.csv" }, "geometry": { "type": "Polygon", "coordinates": [ [ [ -124.6321873, 40.9604566 ], [ -124.6338618, 40.9864336 ], [ -124.6643608, 40.9983181 ], [ -124.693172800000013, 40.9842186 ], [ -124.691477, 40.9582426 ], [ -124.6609905, 40.9463651 ], [ -124.6321873, 40.9604566 ] ] ] } },
{ "type": "Feature", "properties": { "Program.Name": "NOAA WCOA", "Full.Program.Name": "National Oceanic and Atmospheric Administration -  West Coast Ocean Acidification Program", "Monitoring.Program": "NOAA WCOA", "Parameters": "fCO2; pCO2; Salinity; Temperature", "EOV.Groups": "Biogeochemical; Physical", "Parameter.Count": "4", "First.Year": "2011", "Last.Year": "2092", "Years.Sampled": "82", "Frequency": "Episodic, Multi-year, Monthly", "Platform": "Vessel", "Geometry.Types": "Fixed Station", "Depth.Range..m.": null, "Sample.Locations": "10", "Centroid.Latitude": "41.0502738472127", "Centroid.Longitude": "-124.667735906489", "Gebco.Mean.Depth": "-794.6", "Source.Files": "NOAA_WCOA_underway_2011_2.csv; NOAA_WCOA_underway_2019_2.csv; NOAA_WCOA_underway_2024_5.csv" }, "geometry": { "type": "Polygon", "coordinates": [ [ [ -124.6372143, 41.0383895 ], [ -124.638892399999989, 41.0643684 ], [ -124.669425299999986, 41.0762527 ], [ -124.6982676, 41.0621509 ], [ -124.6965681, 41.0361728 ], [ -124.666047699999979, 41.0242957 ], [ -124.6372143, 41.0383895 ] ] ] } },
{ "type": "Feature", "properties": { "Program.Name": "NOAA WCOA", "Full.Program.Name": "National Oceanic and Atmospheric Administration -  West Coast Ocean Acidification Program", "Monitoring.Program": "NOAA WCOA", "Parameters": "fCO2; pCO2; Salinity; Temperature", "EOV.Groups": "Biogeochemical; Physical", "Parameter.Count": "4", "First.Year": "2011", "Last.Year": "2011", "Years.Sampled": "1", "Frequency": "Episodic, Multi-year, Monthly", "Platform": "Vessel", "Geometry.Types": "Fixed Station", "Depth.Range..m.": null, "Sample.Locations": "9", "Centroid.Latitude": "40.8565554982913", "Centroid.Longitude": "-124.625501606885", "Gebco.Mean.Depth": "-658.5", "Source.Files": "NOAA_WCOA_underway_2011_2.csv; NOAA_WCOA_underway_2024_4.csv" }, "geometry": { "type": "Polygon", "coordinates": [ [ [ -124.595069, 40.8446632 ], [ -124.5967274, 40.8706376 ], [ -124.6271712, 40.8825298 ], [ -124.6559442, 40.8684405 ], [ -124.654264499999982, 40.842467 ], [ -124.6238332, 40.8305818 ], [ -124.595069, 40.8446632 ] ] ] } },
{ "type": "Feature", "properties": { "Program.Name": "NOAA WCOA", "Full.Program.Name": "National Oceanic and Atmospheric Administration -  West Coast Ocean Acidification Program", "Monitoring.Program": "NOAA WCOA", "Parameters": "fCO2; pCO2; Salinity; Temperature", "EOV.Groups": "Biogeochemical; Physical", "Parameter.Count": "4", "First.Year": "2012", "Last.Year": "2092", "Years.Sampled": "81", "Frequency": "Episodic, Multi-year, Monthly", "Platform": "Vessel", "Geometry.Types": "Fixed Station", "Depth.Range..m.": null, "Sample.Locations": "199", "Centroid.Latitude": "40.9344803795451", "Centroid.Longitude": "-124.630514097359", "Gebco.Mean.Depth": "-612.447422680413", "Source.Files": "NOAA_WCOA_underway_2012_4.csv; NOAA_WCOA_underway_2023_5.csv; NOAA_WCOA_underway_2024_4.csv; NOAA_WCOA_underway_2024_5.csv" }, "geometry": { "type": "Polygon", "coordinates": [ [ [ -124.6000478, 40.9225884 ], [ -124.601709700000015, 40.9485647 ], [ -124.6321873, 40.9604566 ], [ -124.6609905, 40.9463651 ], [ -124.659307200000015, 40.9203896 ], [ -124.628842100000014, 40.908504799999989 ], [ -124.6000478, 40.9225884 ] ] ] } },
{ "type": "Feature", "properties": { "Program.Name": "NOAA WCOA", "Full.Program.Name": "National Oceanic and Atmospheric Administration -  West Coast Ocean Acidification Program", "Monitoring.Program": "NOAA WCOA", "Parameters": "fCO2; pCO2; Salinity; Temperature", "EOV.Groups": "Biogeochemical; Physical", "Parameter.Count": "4", "First.Year": "2012", "Last.Year": "2012", "Years.Sampled": "1", "Frequency": "Episodic, Multi-year, Monthly", "Platform": "Vessel", "Geometry.Types": "Fixed Station", "Depth.Range..m.": null, "Sample.Locations": "20", "Centroid.Latitude": "41.090348105504", "Centroid.Longitude": "-124.640571714145", "Gebco.Mean.Depth": "-963.735294117647", "Source.Files": "NOAA_WCOA_underway_2012_4.csv; NOAA_WCOA_underway_2023_5.csv" }, "geometry": { "type": "Polygon", "coordinates": [ [ [ -124.610037599999984, 41.0784566 ], [ -124.6117068, 41.104437 ], [ -124.642252199999973, 41.1163285 ], [ -124.6711159, 41.1022323 ], [ -124.669425299999986, 41.0762527 ], [ -124.638892399999989, 41.0643684 ], [ -124.610037599999984, 41.0784566 ] ] ] } },
{ "type": "Feature", "properties": { "Program.Name": "NOAA WCOA", "Full.Program.Name": "National Oceanic and Atmospheric Administration -  West Coast Ocean Acidification Program", "Monitoring.Program": "NOAA WCOA", "Parameters": "fCO2; pCO2; Salinity; Temperature", "EOV.Groups": "Biogeochemical; Physical", "Parameter.Count": "4", "First.Year": "2012", "Last.Year": "2012", "Years.Sampled": "1", "Frequency": "Episodic, Multi-year, Monthly", "Platform": "Vessel", "Geometry.Types": "Fixed Station", "Depth.Range..m.": null, "Sample.Locations": "10", "Centroid.Latitude": "40.896612642725", "Centroid.Longitude": "-124.598386995381", "Gebco.Mean.Depth": "-599.8", "Source.Files": "NOAA_WCOA_underway_2012_4.csv; NOAA_WCOA_underway_2024_5.csv" }, "geometry": { "type": "Polygon", "coordinates": [ [ [ -124.567942, 40.8847132 ], [ -124.569591500000016, 40.910689 ], [ -124.6000478, 40.9225884 ], [ -124.628842100000014, 40.908504799999989 ], [ -124.6271712, 40.8825298 ], [ -124.5967274, 40.8706376 ], [ -124.567942, 40.8847132 ] ] ] } },
{ "type": "Feature", "properties": { "Program.Name": "NOAA WCOA", "Full.Program.Name": "National Oceanic and Atmospheric Administration -  West Coast Ocean Acidification Program", "Monitoring.Program": "NOAA WCOA", "Parameters": "fCO2; pCO2; Salinity; Temperature", "EOV.Groups": "Biogeochemical; Physical", "Parameter.Count": "4", "First.Year": "2012", "Last.Year": "2012", "Years.Sampled": "1", "Frequency": "Episodic, Multi-year, Monthly", "Platform": "Vessel", "Geometry.Types": "Fixed Station", "Depth.Range..m.": null, "Sample.Locations": "8", "Centroid.Latitude": "40.9745417420871", "Centroid.Longitude": "-124.60337290118", "Gebco.Mean.Depth": "-622.75", "Source.Files": "NOAA_WCOA_underway_2012_3.csv" }, "geometry": { "type": "Polygon", "coordinates": [ [ [ -124.5728941, 40.9626426 ], [ -124.5745472, 40.9886204 ], [ -124.6050373, 41.0005194 ], [ -124.6338618, 40.9864336 ], [ -124.6321873, 40.9604566 ], [ -124.601709700000015, 40.9485647 ], [ -124.5728941, 40.9626426 ] ] ] } },
{ "type": "Feature", "properties": { "Program.Name": "NOAA WCOA", "Full.Program.Name": "National Oceanic and Atmospheric Administration -  West Coast Ocean Acidification Program", "Monitoring.Program": "NOAA WCOA", "Parameters": "fCO2; pCO2; Salinity; Temperature", "EOV.Groups": "Biogeochemical; Physical", "Parameter.Count": "4", "First.Year": "2011", "Last.Year": "2012", "Years.Sampled": "2", "Frequency": "Episodic, Multi-year, Monthly", "Platform": "Vessel", "Geometry.Types": "Fixed Station", "Depth.Range..m.": null, "Sample.Locations": "65", "Centroid.Latitude": "41.0524768622983", "Centroid.Longitude": "-124.608369622353", "Gebco.Mean.Depth": "-769.187878787879", "Source.Files": "NOAA_WCOA_underway_2011_2.csv; NOAA_WCOA_underway_2012_4.csv; NOAA_WCOA_underway_2019_2.csv; NOAA_WCOA_underway_2022_5.csv" }, "geometry": { "type": "Polygon", "coordinates": [ [ [ -124.577856900000015, 41.040578 ], [ -124.579513600000013, 41.0665578 ], [ -124.610037599999984, 41.0784566 ], [ -124.638892399999989, 41.0643684 ], [ -124.6372143, 41.0383895 ], [ -124.6067028, 41.0264978 ], [ -124.577856900000015, 41.040578 ] ] ] } },
{ "type": "Feature", "properties": { "Program.Name": "NOAA WCOA", "Full.Program.Name": "National Oceanic and Atmospheric Administration -  West Coast Ocean Acidification Program", "Monitoring.Program": "NOAA WCOA", "Parameters": "fCO2; pCO2; Salinity; Temperature", "EOV.Groups": "Biogeochemical; Physical", "Parameter.Count": "4", "First.Year": "2012", "Last.Year": "2012", "Years.Sampled": "1", "Frequency": "Episodic, Multi-year, Monthly", "Platform": "Vessel", "Geometry.Types": "Fixed Station", "Depth.Range..m.": null, "Sample.Locations": "15", "Centroid.Latitude": "41.1304181716502", "Centroid.Longitude": "-124.613377194101", "Gebco.Mean.Depth": "-1009.28571428571", "Source.Files": "NOAA_WCOA_underway_2012_3.csv; NOAA_WCOA_underway_2023_5.csv" }, "geometry": { "type": "Polygon", "coordinates": [ [ [ -124.5828306, 41.1185195 ], [ -124.584490799999983, 41.1445014 ], [ -124.6150488, 41.1564 ], [ -124.643934, 41.1423095 ], [ -124.642252199999973, 41.1163285 ], [ -124.6117068, 41.104437 ], [ -124.5828306, 41.1185195 ] ] ] } },
{ "type": "Feature", "properties": { "Program.Name": "NOAA WCOA", "Full.Program.Name": "National Oceanic and Atmospheric Administration -  West Coast Ocean Acidification Program", "Monitoring.Program": "NOAA WCOA", "Parameters": "fCO2; pCO2; Salinity; Temperature", "EOV.Groups": "Biogeochemical; Physical", "Parameter.Count": "4", "First.Year": null, "Last.Year": null, "Years.Sampled": null, "Frequency": "Episodic, Multi-year, Monthly", "Platform": "Vessel", "Geometry.Types": "Fixed Station", "Depth.Range..m.": null, "Sample.Locations": "10", "Centroid.Latitude": "40.9366654902171", "Centroid.Longitude": "-124.571242199929", "Gebco.Mean.Depth": "-577.5", "Source.Files": "NOAA_WCOA_underway_2023_5.csv; NOAA_WCOA_underway_2024_4.csv" }, "geometry": { "type": "Polygon", "coordinates": [ [ [ -124.540784699999989, 40.924759 ], [ -124.5424254, 40.9507362 ], [ -124.5728941, 40.9626426 ], [ -124.601709700000015, 40.9485647 ], [ -124.6000478, 40.9225884 ], [ -124.569591500000016, 40.910689 ], [ -124.540784699999989, 40.924759 ] ] ] } },
{ "type": "Feature", "properties": { "Program.Name": "NOAA WCOA", "Full.Program.Name": "National Oceanic and Atmospheric Administration -  West Coast Ocean Acidification Program", "Monitoring.Program": "NOAA WCOA", "Parameters": "fCO2; pCO2; Salinity; Temperature", "EOV.Groups": "Biogeochemical; Physical", "Parameter.Count": "4", "First.Year": "2011", "Last.Year": "2012", "Years.Sampled": "2", "Frequency": "Episodic, Multi-year, Monthly", "Platform": "Vessel", "Geometry.Types": "Fixed Station", "Depth.Range..m.": null, "Sample.Locations": "4", "Centroid.Latitude": "41.0145988465929", "Centroid.Longitude": "-124.576201457888", "Gebco.Mean.Depth": "-687.333333333333", "Source.Files": "NOAA_WCOA_underway_2011_2.csv; NOAA_WCOA_underway_2012_4.csv" }, "geometry": { "type": "Polygon", "coordinates": [ [ [ -124.545710199999988, 41.0026926 ], [ -124.5473544, 41.0286718 ], [ -124.577856900000015, 41.040578 ], [ -124.6067028, 41.0264978 ], [ -124.6050373, 41.0005194 ], [ -124.5745472, 40.9886204 ], [ -124.545710199999988, 41.0026926 ] ] ] } },
{ "type": "Feature", "properties": { "Program.Name": "NOAA WCOA", "Full.Program.Name": "National Oceanic and Atmospheric Administration -  West Coast Ocean Acidification Program", "Monitoring.Program": "NOAA WCOA", "Parameters": "fCO2; pCO2; Salinity; Temperature", "EOV.Groups": "Biogeochemical; Physical", "Parameter.Count": "4", "First.Year": "2012", "Last.Year": "2012", "Years.Sampled": "1", "Frequency": "Episodic, Multi-year, Monthly", "Platform": "Vessel", "Geometry.Types": "Fixed Station", "Depth.Range..m.": null, "Sample.Locations": "6", "Centroid.Latitude": "40.9767140530318", "Centroid.Longitude": "-124.544067174557", "Gebco.Mean.Depth": "-550", "Source.Files": "NOAA_WCOA_underway_2012_3.csv; NOAA_WCOA_underway_2024_4.csv" }, "geometry": { "type": "Polygon", "coordinates": [ [ [ -124.513597300000015, 40.9648004 ], [ -124.515229, 40.990779 ], [ -124.545710199999988, 41.0026926 ], [ -124.5745472, 40.9886204 ], [ -124.5728941, 40.9626426 ], [ -124.5424254, 40.9507362 ], [ -124.513597300000015, 40.9648004 ] ] ] } },
{ "type": "Feature", "properties": { "Program.Name": "NOAA WCOA", "Full.Program.Name": "National Oceanic and Atmospheric Administration -  West Coast Ocean Acidification Program", "Monitoring.Program": "NOAA WCOA", "Parameters": "fCO2; pCO2; Salinity; Temperature", "EOV.Groups": "Biogeochemical; Physical", "Parameter.Count": "4", "First.Year": "2012", "Last.Year": "2012", "Years.Sampled": "1", "Frequency": "Episodic, Multi-year, Monthly", "Platform": "Vessel", "Geometry.Types": "Fixed Station", "Depth.Range..m.": null, "Sample.Locations": "13", "Centroid.Latitude": "41.1325955570996", "Centroid.Longitude": "-124.553942980037", "Gebco.Mean.Depth": "-990.066666666665", "Source.Files": "NOAA_WCOA_underway_2012_3.csv; NOAA_WCOA_underway_2023_5.csv" }, "geometry": { "type": "Polygon", "coordinates": [ [ [ -124.5234053, 41.1206824 ], [ -124.525044099999988, 41.1466651 ], [ -124.5555931, 41.1585782 ], [ -124.584490799999983, 41.1445014 ], [ -124.5828306, 41.1185195 ], [ -124.552294, 41.1066136 ], [ -124.5234053, 41.1206824 ] ] ] } },
{ "type": "Feature", "properties": { "Program.Name": "NOAA WCOA", "Full.Program.Name": "National Oceanic and Atmospheric Administration -  West Coast Ocean Acidification Program", "Monitoring.Program": "NOAA WCOA", "Parameters": "fCO2; pCO2; Salinity; Temperature", "EOV.Groups": "Biogeochemical; Physical", "Parameter.Count": "4", "First.Year": "2011", "Last.Year": "2011", "Years.Sampled": "1", "Frequency": "Episodic, Multi-year, Monthly", "Platform": "Vessel", "Geometry.Types": "Fixed Station", "Depth.Range..m.": null, "Sample.Locations": "5", "Centroid.Latitude": "41.0546517053836", "Centroid.Longitude": "-124.548999721363", "Gebco.Mean.Depth": "-744.916666666667", "Source.Files": "NOAA_WCOA_underway_2011_2.csv; NOAA_WCOA_underway_2019_2.csv; NOAA_WCOA_underway_2022_5.csv" }, "geometry": { "type": "Polygon", "coordinates": [ [ [ -124.5184959, 41.0427383 ], [ -124.5201312, 41.068719 ], [ -124.5506463, 41.0806323 ], [ -124.579513600000013, 41.0665578 ], [ -124.577856900000015, 41.040578 ], [ -124.5473544, 41.0286718 ], [ -124.5184959, 41.0427383 ] ] ] } },
{ "type": "Feature", "properties": { "Program.Name": "NOAA WCOA", "Full.Program.Name": "National Oceanic and Atmospheric Administration -  West Coast Ocean Acidification Program", "Monitoring.Program": "NOAA WCOA", "Parameters": "fCO2; Salinity; Temperature", "EOV.Groups": "Biogeochemical; Physical", "Parameter.Count": "3", "First.Year": null, "Last.Year": null, "Years.Sampled": null, "Frequency": "Episodic, Multi-year, Monthly", "Platform": "Vessel", "Geometry.Types": "Fixed Station", "Depth.Range..m.": null, "Sample.Locations": "1", "Centroid.Latitude": "35.701768998079", "Centroid.Longitude": "-122.102205150807", "Gebco.Mean.Depth": "-1287", "Source.Files": "NOAA_WCOA_underway_2019_1.csv" }, "geometry": { "type": "Polygon", "coordinates": [ [ [ -122.0742052, 35.6892747 ], [ -122.0749039, 35.7152546 ], [ -122.1029135, 35.7277485 ], [ -122.130214199999983, 35.7142565 ], [ -122.129496800000013, 35.6882769 ], [ -122.1014973, 35.6757891 ], [ -122.0742052, 35.6892747 ] ] ] } },
{ "type": "Feature", "properties": { "Program.Name": "NOAA WCOA", "Full.Program.Name": "National Oceanic and Atmospheric Administration -  West Coast Ocean Acidification Program", "Monitoring.Program": "NOAA WCOA", "Parameters": "fCO2; Salinity; Temperature", "EOV.Groups": "Biogeochemical; Physical", "Parameter.Count": "3", "First.Year": null, "Last.Year": null, "Years.Sampled": null, "Frequency": "Episodic, Multi-year, Monthly", "Platform": "Vessel", "Geometry.Types": "Fixed Station", "Depth.Range..m.": null, "Sample.Locations": "7", "Centroid.Latitude": "35.7412340116253", "Centroid.Longitude": "-122.0756031662", "Gebco.Mean.Depth": "-1181.71428571429", "Source.Files": "NOAA_WCOA_underway_2019_1.csv" }, "geometry": { "type": "Polygon", "coordinates": [ [ [ -122.04759319999998, 35.7287336 ], [ -122.0482833, 35.754713 ], [ -122.076302899999973, 35.767213 ], [ -122.103622199999975, 35.7537276 ], [ -122.1029135, 35.7277485 ], [ -122.0749039, 35.7152546 ], [ -122.04759319999998, 35.7287336 ] ] ] } },
{ "type": "Feature", "properties": { "Program.Name": "NOAA WCOA", "Full.Program.Name": "National Oceanic and Atmospheric Administration -  West Coast Ocean Acidification Program", "Monitoring.Program": "NOAA WCOA", "Parameters": "fCO2; Salinity; Temperature", "EOV.Groups": "Biogeochemical; Physical", "Parameter.Count": "3", "First.Year": null, "Last.Year": null, "Years.Sampled": null, "Frequency": "Episodic, Multi-year, Monthly", "Platform": "Vessel", "Geometry.Types": "Fixed Station", "Depth.Range..m.": null, "Sample.Locations": "6", "Centroid.Latitude": "35.7027537902299", "Centroid.Longitude": "-122.046903507759", "Gebco.Mean.Depth": "-1156.66666666667", "Source.Files": "NOAA_WCOA_underway_2019_1.csv" }, "geometry": { "type": "Polygon", "coordinates": [ [ [ -122.0189121, 35.6902462 ], [ -122.0195923, 35.7162264 ], [ -122.04759319999998, 35.7287336 ], [ -122.0749039, 35.7152546 ], [ -122.0742052, 35.6892747 ], [ -122.0462143, 35.6767735 ], [ -122.0189121, 35.6902462 ] ] ] } },
{ "type": "Feature", "properties": { "Program.Name": "NOAA WCOA", "Full.Program.Name": "National Oceanic and Atmospheric Administration -  West Coast Ocean Acidification Program", "Monitoring.Program": "NOAA WCOA", "Parameters": "fCO2; Salinity; Temperature", "EOV.Groups": "Biogeochemical; Physical", "Parameter.Count": "3", "First.Year": null, "Last.Year": null, "Years.Sampled": null, "Frequency": "Episodic, Multi-year, Monthly", "Platform": "Vessel", "Geometry.Types": "Fixed Station", "Depth.Range..m.": null, "Sample.Locations": "22", "Centroid.Latitude": "35.7422061465627", "Centroid.Longitude": "-122.020272884432", "Gebco.Mean.Depth": "-1134", "Source.Files": "NOAA_WCOA_underway_2019_1.csv" }, "geometry": { "type": "Polygon", "coordinates": [ [ [ -121.9922715, 35.7296925 ], [ -121.992943, 35.7556722 ], [ -122.0209539, 35.7681855 ], [ -122.0482833, 35.754713 ], [ -122.04759319999998, 35.7287336 ], [ -122.0195923, 35.7162264 ], [ -121.9922715, 35.7296925 ] ] ] } },
{ "type": "Feature", "properties": { "Program.Name": "NOAA WCOA", "Full.Program.Name": "National Oceanic and Atmospheric Administration -  West Coast Ocean Acidification Program", "Monitoring.Program": "NOAA WCOA", "Parameters": "fCO2; pCO2; Salinity; Temperature", "EOV.Groups": "Biogeochemical; Physical", "Parameter.Count": "4", "First.Year": "2011", "Last.Year": "2011", "Years.Sampled": "1", "Frequency": "Episodic, Multi-year, Monthly", "Platform": "Vessel", "Geometry.Types": "Fixed Station", "Depth.Range..m.": null, "Sample.Locations": "8", "Centroid.Latitude": "35.5478222051509", "Centroid.Longitude": "-121.987583608931", "Gebco.Mean.Depth": "-1175.76666666667", "Source.Files": "NOAA_WCOA_underway_2011_1.csv; NOAA_WCOA_underway_2019_1.csv" }, "geometry": { "type": "Polygon", "coordinates": [ [ [ -121.9596579, 35.5352991 ], [ -121.9603168, 35.5612823 ], [ -121.988252, 35.573805 ], [ -122.0155183, 35.5603385 ], [ -122.0148409, 35.5343556 ], [ -121.9869157, 35.5218389 ], [ -121.9596579, 35.5352991 ] ] ] } },
{ "type": "Feature", "properties": { "Program.Name": "NOAA WCOA", "Full.Program.Name": "National Oceanic and Atmospheric Administration -  West Coast Ocean Acidification Program", "Monitoring.Program": "NOAA WCOA", "Parameters": "fCO2; Salinity; Temperature", "EOV.Groups": "Biogeochemical; Physical", "Parameter.Count": "3", "First.Year": null, "Last.Year": null, "Years.Sampled": null, "Frequency": "Episodic, Multi-year, Monthly", "Platform": "Vessel", "Geometry.Types": "Fixed Station", "Depth.Range..m.": null, "Sample.Locations": "5", "Centroid.Latitude": "35.7037123337539", "Centroid.Longitude": "-121.991600471595", "Gebco.Mean.Depth": "-1158", "Source.Files": "NOAA_WCOA_underway_2019_1.csv" }, "geometry": { "type": "Polygon", "coordinates": [ [ [ -121.963617700000015, 35.6911915 ], [ -121.964279300000015, 35.717172 ], [ -121.9922715, 35.7296925 ], [ -122.0195923, 35.7162264 ], [ -122.0189121, 35.6902462 ], [ -121.990929900000012, 35.6777318 ], [ -121.963617700000015, 35.6911915 ] ] ] } },
{ "type": "Feature", "properties": { "Program.Name": "NOAA WCOA", "Full.Program.Name": "National Oceanic and Atmospheric Administration -  West Coast Ocean Acidification Program", "Monitoring.Program": "NOAA WCOA", "Parameters": "fCO2; Salinity; Temperature", "EOV.Groups": "Biogeochemical; Physical", "Parameter.Count": "3", "First.Year": null, "Last.Year": null, "Years.Sampled": null, "Frequency": "Episodic, Multi-year, Monthly", "Platform": "Vessel", "Geometry.Types": "Fixed Station", "Depth.Range..m.": null, "Sample.Locations": "1", "Centroid.Latitude": "35.5872650247235", "Centroid.Longitude": "-121.960976101853", "Gebco.Mean.Depth": "-1112", "Source.Files": "NOAA_WCOA_underway_2019_1.csv" }, "geometry": { "type": "Polygon", "coordinates": [ [ [ -121.9330405, 35.5747358 ], [ -121.9336907, 35.6007185 ], [ -121.96163580000001, 35.6132473 ], [ -121.988920799999988, 35.5997874 ], [ -121.988252, 35.573805 ], [ -121.9603168, 35.5612823 ], [ -121.9330405, 35.5747358 ] ] ] } },
{ "type": "Feature", "properties": { "Program.Name": "NOAA WCOA", "Full.Program.Name": "National Oceanic and Atmospheric Administration -  West Coast Ocean Acidification Program", "Monitoring.Program": "NOAA WCOA", "Parameters": "fCO2; Salinity; Temperature", "EOV.Groups": "Biogeochemical; Physical", "Parameter.Count": "3", "First.Year": null, "Last.Year": null, "Years.Sampled": null, "Frequency": "Episodic, Multi-year, Monthly", "Platform": "Vessel", "Geometry.Types": "Fixed Station", "Depth.Range..m.": null, "Sample.Locations": "10", "Centroid.Latitude": "35.7431520198116", "Centroid.Longitude": "-121.964941226256", "Gebco.Mean.Depth": "-1122.4", "Source.Files": "NOAA_WCOA_underway_2019_1.csv" }, "geometry": { "type": "Polygon", "coordinates": [ [ [ -121.9369485, 35.7306251 ], [ -121.9376014, 35.7566051 ], [ -121.9656036, 35.7691317 ], [ -121.992943, 35.7556722 ], [ -121.9922715, 35.7296925 ], [ -121.964279300000015, 35.717172 ], [ -121.9369485, 35.7306251 ] ] ] } },
{ "type": "Feature", "properties": { "Program.Name": "NOAA WCOA", "Full.Program.Name": "National Oceanic and Atmospheric Administration -  West Coast Ocean Acidification Program", "Monitoring.Program": "NOAA WCOA", "Parameters": "fCO2; pCO2; Salinity; Temperature", "EOV.Groups": "Biogeochemical; Physical", "Parameter.Count": "4", "First.Year": "2011", "Last.Year": "2011", "Years.Sampled": "1", "Frequency": "Episodic, Multi-year, Monthly", "Platform": "Vessel", "Geometry.Types": "Fixed Station", "Depth.Range..m.": null, "Sample.Locations": "14", "Centroid.Latitude": "35.5487527152768", "Centroid.Longitude": "-121.932390698027", "Gebco.Mean.Depth": "-1055.275", "Source.Files": "NOAA_WCOA_underway_2011_1.csv; NOAA_WCOA_underway_2019_1.csv" }, "geometry": { "type": "Polygon", "coordinates": [ [ [ -121.904473599999989, 35.5362163 ], [ -121.905114, 35.5621998 ], [ -121.9330405, 35.5747358 ], [ -121.9603168, 35.5612823 ], [ -121.9596579, 35.5352991 ], [ -121.9317413, 35.5227691 ], [ -121.904473599999989, 35.5362163 ] ] ] } },
{ "type": "Feature", "properties": { "Program.Name": "NOAA WCOA", "Full.Program.Name": "National Oceanic and Atmospheric Administration -  West Coast Ocean Acidification Program", "Monitoring.Program": "NOAA WCOA", "Parameters": "fCO2; Salinity; Temperature", "EOV.Groups": "Biogeochemical; Physical", "Parameter.Count": "3", "First.Year": null, "Last.Year": null, "Years.Sampled": null, "Frequency": "Episodic, Multi-year, Monthly", "Platform": "Vessel", "Geometry.Types": "Fixed Station", "Depth.Range..m.": null, "Sample.Locations": "8", "Centroid.Latitude": "35.7046446277212", "Centroid.Longitude": "-121.9362960799", "Gebco.Mean.Depth": "-1111.875", "Source.Files": "NOAA_WCOA_underway_2016_6.csv; NOAA_WCOA_underway_2019_1.csv" }, "geometry": { "type": "Polygon", "coordinates": [ [ [ -121.908322, 35.6921105 ], [ -121.9089649, 35.7180913 ], [ -121.9369485, 35.7306251 ], [ -121.964279300000015, 35.717172 ], [ -121.963617700000015, 35.6911915 ], [ -121.9356441, 35.678663799999988 ], [ -121.908322, 35.6921105 ] ] ] } },
{ "type": "Feature", "properties": { "Program.Name": "NOAA WCOA", "Full.Program.Name": "National Oceanic and Atmospheric Administration -  West Coast Ocean Acidification Program", "Monitoring.Program": "NOAA WCOA", "Parameters": "fCO2; Salinity; Temperature", "EOV.Groups": "Biogeochemical; Physical", "Parameter.Count": "3", "First.Year": null, "Last.Year": null, "Years.Sampled": null, "Frequency": "Episodic, Multi-year, Monthly", "Platform": "Vessel", "Geometry.Types": "Fixed Station", "Depth.Range..m.": null, "Sample.Locations": "1", "Centroid.Latitude": "35.5102323684013", "Centroid.Longitude": "-121.903833764241", "Gebco.Mean.Depth": "-1049", "Source.Files": "NOAA_WCOA_underway_2019_1.csv" }, "geometry": { "type": "Polygon", "coordinates": [ [ [ -121.8759352, 35.4976888 ], [ -121.8765656, 35.5236731 ], [ -121.904473599999989, 35.5362163 ], [ -121.9317413, 35.5227691 ], [ -121.931092400000011, 35.4967851 ], [ -121.9031943, 35.4842479 ], [ -121.8759352, 35.4976888 ] ] ] } },
{ "type": "Feature", "properties": { "Program.Name": "NOAA WCOA", "Full.Program.Name": "National Oceanic and Atmospheric Administration -  West Coast Ocean Acidification Program", "Monitoring.Program": "NOAA WCOA", "Parameters": "fCO2; pCO2; Salinity; Temperature", "EOV.Groups": "Biogeochemical; Physical", "Parameter.Count": "4", "First.Year": "2011", "Last.Year": "2011", "Years.Sampled": "1", "Frequency": "Episodic, Multi-year, Monthly", "Platform": "Vessel", "Geometry.Types": "Fixed Station", "Depth.Range..m.": null, "Sample.Locations": "12", "Centroid.Latitude": "35.5881828732388", "Centroid.Longitude": "-121.905754702227", "Gebco.Mean.Depth": "-991.157142857143", "Source.Files": "NOAA_WCOA_underway_2011_1.csv; NOAA_WCOA_underway_2019_1.csv" }, "geometry": { "type": "Polygon", "coordinates": [ [ [ -121.8778277, 35.5756404 ], [ -121.878459400000011, 35.6016234 ], [ -121.9063959, 35.6141655 ], [ -121.9336907, 35.6007185 ], [ -121.9330405, 35.5747358 ], [ -121.905114, 35.5621998 ], [ -121.8778277, 35.5756404 ] ] ] } },
{ "type": "Feature", "properties": { "Program.Name": "NOAA WCOA", "Full.Program.Name": "National Oceanic and Atmospheric Administration -  West Coast Ocean Acidification Program", "Monitoring.Program": "NOAA WCOA", "Parameters": "fCO2; Salinity; Temperature", "EOV.Groups": "Biogeochemical; Physical", "Parameter.Count": "3", "First.Year": null, "Last.Year": null, "Years.Sampled": null, "Frequency": "Episodic, Multi-year, Monthly", "Platform": "Vessel", "Geometry.Types": "Fixed Station", "Depth.Range..m.": null, "Sample.Locations": "8", "Centroid.Latitude": "35.6661292492766", "Centroid.Longitude": "-121.907679519996", "Gebco.Mean.Depth": "-1074.5", "Source.Files": "NOAA_WCOA_underway_2016_6.csv; NOAA_WCOA_underway_2019_1.csv" }, "geometry": { "type": "Polygon", "coordinates": [ [ [ -121.879724, 35.6535879 ], [ -121.880357, 35.6795695 ], [ -121.908322, 35.6921105 ], [ -121.9356441, 35.678663799999988 ], [ -121.9349925, 35.6526825 ], [ -121.9070375, 35.6401476 ], [ -121.879724, 35.6535879 ] ] ] } },
{ "type": "Feature", "properties": { "Program.Name": "NOAA WCOA", "Full.Program.Name": "National Oceanic and Atmospheric Administration -  West Coast Ocean Acidification Program", "Monitoring.Program": "NOAA WCOA", "Parameters": "fCO2; Salinity; Temperature", "EOV.Groups": "Biogeochemical; Physical", "Parameter.Count": "3", "First.Year": null, "Last.Year": null, "Years.Sampled": null, "Frequency": "Episodic, Multi-year, Monthly", "Platform": "Vessel", "Geometry.Types": "Fixed Station", "Depth.Range..m.": null, "Sample.Locations": "3", "Centroid.Latitude": "35.7440716304526", "Centroid.Longitude": "-121.909608229313", "Gebco.Mean.Depth": "-1120.25", "Source.Files": "NOAA_WCOA_underway_2016_6.csv; NOAA_WCOA_underway_2019_1.csv" }, "geometry": { "type": "Polygon", "coordinates": [ [ [ -121.881624199999976, 35.7315314 ], [ -121.882258399999984, 35.7575117 ], [ -121.910252, 35.7700516 ], [ -121.9376014, 35.7566051 ], [ -121.9369485, 35.7306251 ], [ -121.9089649, 35.7180913 ], [ -121.881624199999976, 35.7315314 ] ] ] } },
{ "type": "Feature", "properties": { "Program.Name": "NOAA WCOA", "Full.Program.Name": "National Oceanic and Atmospheric Administration -  West Coast Ocean Acidification Program", "Monitoring.Program": "NOAA WCOA", "Parameters": "fCO2; Salinity; Temperature", "EOV.Groups": "Biogeochemical; Physical", "Parameter.Count": "3", "First.Year": null, "Last.Year": null, "Years.Sampled": null, "Frequency": "Episodic, Multi-year, Monthly", "Platform": "Vessel", "Geometry.Types": "Fixed Station", "Depth.Range..m.": null, "Sample.Locations": "2", "Centroid.Latitude": "35.4717039779004", "Centroid.Longitude": "-121.875305263158", "Gebco.Mean.Depth": "-1135", "Source.Files": "NOAA_WCOA_underway_2019_1.csv" }, "geometry": { "type": "Polygon", "coordinates": [ [ [ -121.8474253, 35.459153199999989 ], [ -121.8480458, 35.4851384 ], [ -121.8759352, 35.4976888 ], [ -121.9031943, 35.4842479 ], [ -121.902555299999989, 35.458263 ], [ -121.8746757, 35.4457187 ], [ -121.8474253, 35.459153199999989 ] ] ] } },
{ "type": "Feature", "properties": { "Program.Name": "NOAA WCOA", "Full.Program.Name": "National Oceanic and Atmospheric Administration -  West Coast Ocean Acidification Program", "Monitoring.Program": "NOAA WCOA", "Parameters": "fCO2; pCO2; Salinity; Temperature", "EOV.Groups": "Biogeochemical; Physical", "Parameter.Count": "4", "First.Year": "2011", "Last.Year": "2011", "Years.Sampled": "1", "Frequency": "Episodic, Multi-year, Monthly", "Platform": "Vessel", "Geometry.Types": "Fixed Station", "Depth.Range..m.": null, "Sample.Locations": "11", "Centroid.Latitude": "35.5496570250901", "Centroid.Longitude": "-121.877196477136", "Gebco.Mean.Depth": "-1013.5", "Source.Files": "NOAA_WCOA_underway_2011_1.csv; NOAA_WCOA_underway_2019_1.csv" }, "geometry": { "type": "Polygon", "coordinates": [ [ [ -121.84928810000001, 35.537107399999989 ], [ -121.849909799999978, 35.563091199999988 ], [ -121.8778277, 35.5756404 ], [ -121.905114, 35.5621998 ], [ -121.904473599999989, 35.5362163 ], [ -121.8765656, 35.5236731 ], [ -121.84928810000001, 35.537107399999989 ] ] ] } },
{ "type": "Feature", "properties": { "Program.Name": "NOAA WCOA", "Full.Program.Name": "National Oceanic and Atmospheric Administration -  West Coast Ocean Acidification Program", "Monitoring.Program": "NOAA WCOA", "Parameters": "fCO2; Salinity; Temperature", "EOV.Groups": "Biogeochemical; Physical", "Parameter.Count": "3", "First.Year": null, "Last.Year": null, "Years.Sampled": null, "Frequency": "Episodic, Multi-year, Monthly", "Platform": "Vessel", "Geometry.Types": "Fixed Station", "Depth.Range..m.": null, "Sample.Locations": "1", "Centroid.Latitude": "35.4331675375628", "Centroid.Longitude": "-121.846805157495", "Gebco.Mean.Depth": "-1266", "Source.Files": "NOAA_WCOA_underway_2019_1.csv" }, "geometry": { "type": "Polygon", "coordinates": [ [ [ -121.818943600000011, 35.4206096 ], [ -121.8195543, 35.4465957 ], [ -121.8474253, 35.459153199999989 ], [ -121.8746757, 35.4457187 ], [ -121.874046600000014, 35.4197329 ], [ -121.8461855, 35.4071814 ], [ -121.818943600000011, 35.4206096 ] ] ] } },
{ "type": "Feature", "properties": { "Program.Name": "NOAA WCOA", "Full.Program.Name": "National Oceanic and Atmospheric Administration -  West Coast Ocean Acidification Program", "Monitoring.Program": "NOAA WCOA", "Parameters": "fCO2; Salinity; Temperature", "EOV.Groups": "Biogeochemical; Physical", "Parameter.Count": "3", "First.Year": null, "Last.Year": null, "Years.Sampled": null, "Frequency": "Episodic, Multi-year, Monthly", "Platform": "Vessel", "Geometry.Types": "Fixed Station", "Depth.Range..m.": null, "Sample.Locations": "3", "Centroid.Latitude": "35.5111231526085", "Centroid.Longitude": "-121.848666705355", "Gebco.Mean.Depth": "-1085.66666666667", "Source.Files": "NOAA_WCOA_underway_2019_1.csv" }, "geometry": { "type": "Polygon", "coordinates": [ [ [ -121.8207768, 35.4985664 ], [ -121.821388700000014, 35.524551 ], [ -121.84928810000001, 35.537107399999989 ], [ -121.8765656, 35.5236731 ], [ -121.8759352, 35.4976888 ], [ -121.8480458, 35.4851384 ], [ -121.8207768, 35.4985664 ] ] ] } },
{ "type": "Feature", "properties": { "Program.Name": "NOAA WCOA", "Full.Program.Name": "National Oceanic and Atmospheric Administration -  West Coast Ocean Acidification Program", "Monitoring.Program": "NOAA WCOA", "Parameters": "fCO2; pCO2; Salinity; Temperature", "EOV.Groups": "Biogeochemical; Physical", "Parameter.Count": "4", "First.Year": "2011", "Last.Year": "2011", "Years.Sampled": "1", "Frequency": "Episodic, Multi-year, Monthly", "Platform": "Vessel", "Geometry.Types": "Fixed Station", "Depth.Range..m.": null, "Sample.Locations": "9", "Centroid.Latitude": "35.5890745085008", "Centroid.Longitude": "-121.850532009341", "Gebco.Mean.Depth": "-997.111111111111", "Source.Files": "NOAA_WCOA_underway_2011_1.csv; NOAA_WCOA_underway_2016_6.csv; NOAA_WCOA_underway_2019_1.csv" }, "geometry": { "type": "Polygon", "coordinates": [ [ [ -121.8226137, 35.5765188 ], [ -121.8232268, 35.6025021 ], [ -121.8511546, 35.6150574 ], [ -121.878459400000011, 35.6016234 ], [ -121.8778277, 35.5756404 ], [ -121.849909799999978, 35.563091199999988 ], [ -121.8226137, 35.5765188 ] ] ] } },
{ "type": "Feature", "properties": { "Program.Name": "NOAA WCOA", "Full.Program.Name": "National Oceanic and Atmospheric Administration -  West Coast Ocean Acidification Program", "Monitoring.Program": "NOAA WCOA", "Parameters": "fCO2; Salinity; Temperature", "EOV.Groups": "Biogeochemical; Physical", "Parameter.Count": "3", "First.Year": null, "Last.Year": null, "Years.Sampled": null, "Frequency": "Episodic, Multi-year, Monthly", "Platform": "Vessel", "Geometry.Types": "Fixed Station", "Depth.Range..m.": null, "Sample.Locations": "6", "Centroid.Latitude": "35.6670217388447", "Centroid.Longitude": "-121.852401080832", "Gebco.Mean.Depth": "-1039.9", "Source.Files": "NOAA_WCOA_underway_2016_6.csv; NOAA_WCOA_underway_2019_1.csv" }, "geometry": { "type": "Polygon", "coordinates": [ [ [ -121.8244543, 35.6544672 ], [ -121.8250686, 35.680449 ], [ -121.8530249, 35.6930033 ], [ -121.880357, 35.6795695 ], [ -121.879724, 35.6535879 ], [ -121.8517776, 35.6410398 ], [ -121.8244543, 35.6544672 ] ] ] } },
{ "type": "Feature", "properties": { "Program.Name": "NOAA WCOA", "Full.Program.Name": "National Oceanic and Atmospheric Administration -  West Coast Ocean Acidification Program", "Monitoring.Program": "NOAA WCOA", "Parameters": "fCO2; Salinity; Temperature", "EOV.Groups": "Biogeochemical; Physical", "Parameter.Count": "3", "First.Year": null, "Last.Year": null, "Years.Sampled": null, "Frequency": "Episodic, Multi-year, Monthly", "Platform": "Vessel", "Geometry.Types": "Fixed Station", "Depth.Range..m.": null, "Sample.Locations": "2", "Centroid.Latitude": "35.4725812495647", "Centroid.Longitude": "-121.820165349541", "Gebco.Mean.Depth": "-1204.5", "Source.Files": "NOAA_WCOA_underway_2019_1.csv" }, "geometry": { "type": "Polygon", "coordinates": [ [ [ -121.792294, 35.4600173 ], [ -121.792896, 35.4860027 ], [ -121.8207768, 35.4985664 ], [ -121.8480458, 35.4851384 ], [ -121.8474253, 35.459153199999989 ], [ -121.8195543, 35.4465957 ], [ -121.792294, 35.4600173 ] ] ] } },
{ "type": "Feature", "properties": { "Program.Name": "NOAA WCOA", "Full.Program.Name": "National Oceanic and Atmospheric Administration -  West Coast Ocean Acidification Program", "Monitoring.Program": "NOAA WCOA", "Parameters": "fCO2; pCO2; Salinity; Temperature", "EOV.Groups": "Biogeochemical; Physical", "Parameter.Count": "4", "First.Year": "2011", "Last.Year": "2011", "Years.Sampled": "1", "Frequency": "Episodic, Multi-year, Monthly", "Platform": "Vessel", "Geometry.Types": "Fixed Station", "Depth.Range..m.": null, "Sample.Locations": "10", "Centroid.Latitude": "35.5505351337204", "Centroid.Longitude": "-121.822000983625", "Gebco.Mean.Depth": "-1002.9", "Source.Files": "NOAA_WCOA_underway_2011_1.csv; NOAA_WCOA_underway_2016_6.csv; NOAA_WCOA_underway_2019_1.csv" }, "geometry": { "type": "Polygon", "coordinates": [ [ [ -121.794101200000014, 35.5379723 ], [ -121.7947044, 35.5639563 ], [ -121.8226137, 35.5765188 ], [ -121.849909799999978, 35.563091199999988 ], [ -121.84928810000001, 35.537107399999989 ], [ -121.821388700000014, 35.524551 ], [ -121.794101200000014, 35.5379723 ] ] ] } },
{ "type": "Feature", "properties": { "Program.Name": "NOAA WCOA", "Full.Program.Name": "National Oceanic and Atmospheric Administration -  West Coast Ocean Acidification Program", "Monitoring.Program": "NOAA WCOA", "Parameters": "fCO2; Salinity; Temperature", "EOV.Groups": "Biogeochemical; Physical", "Parameter.Count": "3", "First.Year": null, "Last.Year": null, "Years.Sampled": null, "Frequency": "Episodic, Multi-year, Monthly", "Platform": "Vessel", "Geometry.Types": "Fixed Station", "Depth.Range..m.": null, "Sample.Locations": "6", "Centroid.Latitude": "35.667887989219", "Centroid.Longitude": "-121.797121382027", "Gebco.Mean.Depth": "-983", "Source.Files": "NOAA_WCOA_underway_2019_1.csv" }, "geometry": { "type": "Polygon", "coordinates": [ [ [ -121.7691832, 35.6553201 ], [ -121.769779, 35.6813023 ], [ -121.7977266, 35.6938698 ], [ -121.8250686, 35.680449 ], [ -121.8244543, 35.6544672 ], [ -121.796516499999981, 35.6419058 ], [ -121.7691832, 35.6553201 ] ] ] } },
{ "type": "Feature", "properties": { "Program.Name": "NOAA WCOA", "Full.Program.Name": "National Oceanic and Atmospheric Administration -  West Coast Ocean Acidification Program", "Monitoring.Program": "NOAA WCOA", "Parameters": "fCO2; pCO2; Salinity; Temperature", "EOV.Groups": "Biogeochemical; Physical", "Parameter.Count": "4", "First.Year": "2011", "Last.Year": "2011", "Years.Sampled": "1", "Frequency": "Episodic, Multi-year, Monthly", "Platform": "Vessel", "Geometry.Types": "Fixed Station", "Depth.Range..m.": null, "Sample.Locations": "15", "Centroid.Latitude": "35.5513870403222", "Centroid.Longitude": "-121.766804254866", "Gebco.Mean.Depth": "-991.377777777778", "Source.Files": "NOAA_WCOA_underway_2011_1.csv; NOAA_WCOA_underway_2016_6.csv; NOAA_WCOA_underway_2019_1.csv" }, "geometry": { "type": "Polygon", "coordinates": [ [ [ -121.738913200000013, 35.5388109 ], [ -121.7394978, 35.5647953 ], [ -121.7673984, 35.577371 ], [ -121.7947044, 35.5639563 ], [ -121.794101200000014, 35.5379723 ], [ -121.7662105, 35.5254026 ], [ -121.738913200000013, 35.5388109 ] ] ] } },
{ "type": "Feature", "properties": { "Program.Name": "NOAA WCOA", "Full.Program.Name": "National Oceanic and Atmospheric Administration -  West Coast Ocean Acidification Program", "Monitoring.Program": "NOAA WCOA", "Parameters": "fCO2; Salinity; Temperature", "EOV.Groups": "Biogeochemical; Physical", "Parameter.Count": "3", "First.Year": null, "Last.Year": null, "Years.Sampled": null, "Frequency": "Episodic, Multi-year, Monthly", "Platform": "Vessel", "Geometry.Types": "Fixed Station", "Depth.Range..m.": null, "Sample.Locations": "4", "Centroid.Latitude": "35.6687279995606", "Centroid.Longitude": "-121.741840461126", "Gebco.Mean.Depth": "-928.75", "Source.Files": "NOAA_WCOA_underway_2019_1.csv" }, "geometry": { "type": "Polygon", "coordinates": [ [ [ -121.713911, 35.6561469 ], [ -121.7144882, 35.6821293 ], [ -121.742427100000015, 35.6947101 ], [ -121.769779, 35.6813023 ], [ -121.7691832, 35.6553201 ], [ -121.7412542, 35.6427455 ], [ -121.713911, 35.6561469 ] ] ] } },
{ "type": "Feature", "properties": { "Program.Name": "NOAA WCOA", "Full.Program.Name": "National Oceanic and Atmospheric Administration -  West Coast Ocean Acidification Program", "Monitoring.Program": "NOAA WCOA", "Parameters": "fCO2; pCO2; Salinity; Temperature", "EOV.Groups": "Biogeochemical; Physical", "Parameter.Count": "4", "First.Year": "2011", "Last.Year": "2011", "Years.Sampled": "1", "Frequency": "Episodic, Multi-year, Monthly", "Platform": "Vessel", "Geometry.Types": "Fixed Station", "Depth.Range..m.": null, "Sample.Locations": "10", "Centroid.Latitude": "35.5522127440754", "Centroid.Longitude": "-121.711606328236", "Gebco.Mean.Depth": "-947.9", "Source.Files": "NOAA_WCOA_underway_2011_1.csv; NOAA_WCOA_underway_2019_1.csv" }, "geometry": { "type": "Polygon", "coordinates": [ [ [ -121.6837239, 35.5396234 ], [ -121.68429, 35.565608 ], [ -121.7121819, 35.578197 ], [ -121.7394978, 35.5647953 ], [ -121.738913200000013, 35.5388109 ], [ -121.711031099999985, 35.5262281 ], [ -121.6837239, 35.5396234 ] ] ] } },
{ "type": "Feature", "properties": { "Program.Name": "NOAA WCOA", "Full.Program.Name": "National Oceanic and Atmospheric Administration -  West Coast Ocean Acidification Program", "Monitoring.Program": "NOAA WCOA", "Parameters": "fCO2; pCO2; Salinity; Temperature", "EOV.Groups": "Biogeochemical; Physical", "Parameter.Count": "4", "First.Year": "2011", "Last.Year": "2011", "Years.Sampled": "1", "Frequency": "Episodic, Multi-year, Monthly", "Platform": "Vessel", "Geometry.Types": "Fixed Station", "Depth.Range..m.": null, "Sample.Locations": "6", "Centroid.Latitude": "35.6301640426411", "Centroid.Longitude": "-121.713334272929", "Gebco.Mean.Depth": "-898.2", "Source.Files": "NOAA_WCOA_underway_2011_1.csv; NOAA_WCOA_underway_2011_2_1.csv; NOAA_WCOA_underway_2019_1.csv" }, "geometry": { "type": "Polygon", "coordinates": [ [ [ -121.6854234, 35.6175758 ], [ -121.6859907, 35.643559 ], [ -121.713911, 35.6561469 ], [ -121.7412542, 35.6427455 ], [ -121.7406684, 35.6167625 ], [ -121.7127579, 35.6041807 ], [ -121.6854234, 35.6175758 ] ] ] } },
{ "type": "Feature", "properties": { "Program.Name": "NOAA WCOA", "Full.Program.Name": "National Oceanic and Atmospheric Administration -  West Coast Ocean Acidification Program", "Monitoring.Program": "NOAA WCOA", "Parameters": "fCO2; pCO2; Salinity; Temperature", "EOV.Groups": "Biogeochemical; Physical", "Parameter.Count": "4", "First.Year": "2011", "Last.Year": "2011", "Years.Sampled": "1", "Frequency": "Episodic, Multi-year, Monthly", "Platform": "Vessel", "Geometry.Types": "Fixed Station", "Depth.Range..m.": null, "Sample.Locations": "8", "Centroid.Latitude": "35.5530122441849", "Centroid.Longitude": "-121.656407241117", "Gebco.Mean.Depth": "-918.75", "Source.Files": "NOAA_WCOA_underway_2011_1.csv; NOAA_WCOA_underway_2011_2_1.csv; NOAA_WCOA_underway_2019_1.csv" }, "geometry": { "type": "Polygon", "coordinates": [ [ [ -121.628533499999975, 35.5404097 ], [ -121.6290811, 35.5663945 ], [ -121.656964299999984, 35.5789967 ], [ -121.68429, 35.565608 ], [ -121.6837239, 35.5396234 ], [ -121.6558506, 35.5270273 ], [ -121.628533499999975, 35.5404097 ] ] ] } },
{ "type": "Feature", "properties": { "Program.Name": "NOAA WCOA", "Full.Program.Name": "National Oceanic and Atmospheric Administration -  West Coast Ocean Acidification Program", "Monitoring.Program": "NOAA WCOA", "Parameters": "fCO2; Salinity; Temperature", "EOV.Groups": "Biogeochemical; Physical", "Parameter.Count": "3", "First.Year": null, "Last.Year": null, "Years.Sampled": null, "Frequency": "Episodic, Multi-year, Monthly", "Platform": "Vessel", "Geometry.Types": "Fixed Station", "Depth.Range..m.": null, "Sample.Locations": "1", "Centroid.Latitude": "41.1282125815539", "Centroid.Longitude": "-124.672807779527", "Gebco.Mean.Depth": "-1020", "Source.Files": "NOAA_WCOA_underway_2023_5.csv" }, "geometry": { "type": "Polygon", "coordinates": [ [ [ -124.642252199999973, 41.1163285 ], [ -124.643934, 41.1423095 ], [ -124.6745009, 41.1541936 ], [ -124.7033734, 41.1400894 ], [ -124.701670299999989, 41.1141092 ], [ -124.6711159, 41.1022323 ], [ -124.642252199999973, 41.1163285 ] ] ] } },
{ "type": "Feature", "properties": { "Program.Name": "NOAA WCOA", "Full.Program.Name": "National Oceanic and Atmospheric Administration -  West Coast Ocean Acidification Program", "Monitoring.Program": "NOAA WCOA", "Parameters": "fCO2; Salinity; Temperature", "EOV.Groups": "Biogeochemical; Physical", "Parameter.Count": "3", "First.Year": null, "Last.Year": null, "Years.Sampled": null, "Frequency": "Episodic, Multi-year, Monthly", "Platform": "Vessel", "Geometry.Types": "Fixed Station", "Depth.Range..m.": null, "Sample.Locations": "4", "Centroid.Latitude": "41.0925383129903", "Centroid.Longitude": "-124.581171479567", "Gebco.Mean.Depth": "-954.5", "Source.Files": "NOAA_WCOA_underway_2023_5.csv" }, "geometry": { "type": "Polygon", "coordinates": [ [ [ -124.5506463, 41.0806323 ], [ -124.552294, 41.1066136 ], [ -124.5828306, 41.1185195 ], [ -124.6117068, 41.104437 ], [ -124.610037599999984, 41.0784566 ], [ -124.579513600000013, 41.0665578 ], [ -124.5506463, 41.0806323 ] ] ] } },
{ "type": "Feature", "properties": { "Program.Name": "NOAA WCOA", "Full.Program.Name": "National Oceanic and Atmospheric Administration -  West Coast Ocean Acidification Program", "Monitoring.Program": "NOAA WCOA", "Parameters": "fCO2; Salinity; Temperature", "EOV.Groups": "Biogeochemical; Physical", "Parameter.Count": "3", "First.Year": null, "Last.Year": null, "Years.Sampled": null, "Frequency": "Episodic, Multi-year, Monthly", "Platform": "Vessel", "Geometry.Types": "Fixed Station", "Depth.Range..m.": null, "Sample.Locations": "4", "Centroid.Latitude": "35.6276058782755", "Centroid.Longitude": "-121.87909150898", "Gebco.Mean.Depth": "-1032", "Source.Files": "NOAA_WCOA_underway_2016_6.csv" }, "geometry": { "type": "Polygon", "coordinates": [ [ [ -121.8511546, 35.6150574 ], [ -121.8517776, 35.6410398 ], [ -121.879724, 35.6535879 ], [ -121.9070375, 35.6401476 ], [ -121.9063959, 35.6141655 ], [ -121.878459400000011, 35.6016234 ], [ -121.8511546, 35.6150574 ] ] ] } },
{ "type": "Feature", "properties": { "Program.Name": "NOAA WCOA", "Full.Program.Name": "National Oceanic and Atmospheric Administration -  West Coast Ocean Acidification Program", "Monitoring.Program": "NOAA WCOA", "Parameters": "fCO2; Salinity; Temperature", "EOV.Groups": "Biogeochemical; Physical", "Parameter.Count": "3", "First.Year": null, "Last.Year": null, "Years.Sampled": null, "Frequency": "Episodic, Multi-year, Monthly", "Platform": "Vessel", "Geometry.Types": "Fixed Station", "Depth.Range..m.": null, "Sample.Locations": "2", "Centroid.Latitude": "35.7055506712276", "Centroid.Longitude": "-121.880990370261", "Gebco.Mean.Depth": "-1086.5", "Source.Files": "NOAA_WCOA_underway_2016_6.csv" }, "geometry": { "type": "Polygon", "coordinates": [ [ [ -121.8530249, 35.6930033 ], [ -121.8536492, 35.718984299999988 ], [ -121.881624199999976, 35.7315314 ], [ -121.9089649, 35.7180913 ], [ -121.908322, 35.6921105 ], [ -121.880357, 35.6795695 ], [ -121.8530249, 35.6930033 ] ] ] } },
{ "type": "Feature", "properties": { "Program.Name": "NOAA WCOA", "Full.Program.Name": "National Oceanic and Atmospheric Administration -  West Coast Ocean Acidification Program", "Monitoring.Program": "NOAA WCOA", "Parameters": "fCO2; Salinity; Temperature", "EOV.Groups": "Biogeochemical; Physical", "Parameter.Count": "3", "First.Year": null, "Last.Year": null, "Years.Sampled": null, "Frequency": "Episodic, Multi-year, Monthly", "Platform": "Vessel", "Geometry.Types": "Fixed Station", "Depth.Range..m.": null, "Sample.Locations": "3", "Centroid.Latitude": "35.6284848270686", "Centroid.Longitude": "-121.823840323458", "Gebco.Mean.Depth": "-1011", "Source.Files": "NOAA_WCOA_underway_2016_6.csv" }, "geometry": { "type": "Polygon", "coordinates": [ [ [ -121.7959121, 35.6159231 ], [ -121.796516499999981, 35.6419058 ], [ -121.8244543, 35.6544672 ], [ -121.8517776, 35.6410398 ], [ -121.8511546, 35.6150574 ], [ -121.8232268, 35.6025021 ], [ -121.7959121, 35.6159231 ] ] ] } },
{ "type": "Feature", "properties": { "Program.Name": "NOAA WCOA", "Full.Program.Name": "National Oceanic and Atmospheric Administration -  West Coast Ocean Acidification Program", "Monitoring.Program": "NOAA WCOA", "Parameters": "fCO2; Salinity; Temperature", "EOV.Groups": "Biogeochemical; Physical", "Parameter.Count": "3", "First.Year": null, "Last.Year": null, "Years.Sampled": null, "Frequency": "Episodic, Multi-year, Monthly", "Platform": "Vessel", "Geometry.Types": "Fixed Station", "Depth.Range..m.": null, "Sample.Locations": "1", "Centroid.Latitude": "35.5119877476874", "Centroid.Longitude": "-121.793498394429", "Gebco.Mean.Depth": "-1020", "Source.Files": "NOAA_WCOA_underway_2016_6.csv" }, "geometry": { "type": "Polygon", "coordinates": [ [ [ -121.7656172, 35.4994177 ], [ -121.7662105, 35.5254026 ], [ -121.794101200000014, 35.5379723 ], [ -121.821388700000014, 35.524551 ], [ -121.8207768, 35.4985664 ], [ -121.792896, 35.4860027 ], [ -121.7656172, 35.4994177 ] ] ] } },
{ "type": "Feature", "properties": { "Program.Name": "NOAA WCOA", "Full.Program.Name": "National Oceanic and Atmospheric Administration -  West Coast Ocean Acidification Program", "Monitoring.Program": "NOAA WCOA", "Parameters": "fCO2; pCO2; Salinity; Temperature", "EOV.Groups": "Biogeochemical; Physical", "Parameter.Count": "4", "First.Year": "2011", "Last.Year": "2011", "Years.Sampled": "1", "Frequency": "Episodic, Multi-year, Monthly", "Platform": "Vessel", "Geometry.Types": "Fixed Station", "Depth.Range..m.": null, "Sample.Locations": "8", "Centroid.Latitude": "35.5899399296494", "Centroid.Longitude": "-121.795308060623", "Gebco.Mean.Depth": "-979.25", "Source.Files": "NOAA_WCOA_underway_2011_1.csv; NOAA_WCOA_underway_2016_6.csv" }, "geometry": { "type": "Polygon", "coordinates": [ [ [ -121.7673984, 35.577371 ], [ -121.767993, 35.6033545 ], [ -121.7959121, 35.6159231 ], [ -121.8232268, 35.6025021 ], [ -121.8226137, 35.5765188 ], [ -121.7947044, 35.5639563 ], [ -121.7673984, 35.577371 ] ] ] } },
{ "type": "Feature", "properties": { "Program.Name": "NOAA WCOA", "Full.Program.Name": "National Oceanic and Atmospheric Administration -  West Coast Ocean Acidification Program", "Monitoring.Program": "NOAA WCOA", "Parameters": "fCO2; Salinity; Temperature", "EOV.Groups": "Biogeochemical; Physical", "Parameter.Count": "3", "First.Year": null, "Last.Year": null, "Years.Sampled": null, "Frequency": "Episodic, Multi-year, Monthly", "Platform": "Vessel", "Geometry.Types": "Fixed Station", "Depth.Range..m.": null, "Sample.Locations": "5", "Centroid.Latitude": "35.5128261528074", "Centroid.Longitude": "-121.73832886878", "Gebco.Mean.Depth": "-1047.6", "Source.Files": "NOAA_WCOA_underway_2016_6.csv" }, "geometry": { "type": "Polygon", "coordinates": [ [ [ -121.7104563, 35.500242899999989 ], [ -121.711031099999985, 35.5262281 ], [ -121.738913200000013, 35.5388109 ], [ -121.7662105, 35.5254026 ], [ -121.7656172, 35.4994177 ], [ -121.737745, 35.4868409 ], [ -121.7104563, 35.500242899999989 ] ] ] } },
{ "type": "Feature", "properties": { "Program.Name": "NOAA WCOA", "Full.Program.Name": "National Oceanic and Atmospheric Administration -  West Coast Ocean Acidification Program", "Monitoring.Program": "NOAA WCOA", "Parameters": "fCO2; Salinity; Temperature", "EOV.Groups": "Biogeochemical; Physical", "Parameter.Count": "3", "First.Year": null, "Last.Year": null, "Years.Sampled": null, "Frequency": "Episodic, Multi-year, Monthly", "Platform": "Vessel", "Geometry.Types": "Fixed Station", "Depth.Range..m.": null, "Sample.Locations": "6", "Centroid.Latitude": "35.4742572608104", "Centroid.Longitude": "-121.709881865013", "Gebco.Mean.Depth": "-1085.66666666667", "Source.Files": "NOAA_WCOA_underway_2016_6.csv" }, "geometry": { "type": "Polygon", "coordinates": [ [ [ -121.6820278, 35.4616668 ], [ -121.6825928, 35.4876528 ], [ -121.7104563, 35.500242899999989 ], [ -121.737745, 35.4868409 ], [ -121.7371615, 35.4608551 ], [ -121.7093078, 35.4482711 ], [ -121.6820278, 35.4616668 ] ] ] } },
{ "type": "Feature", "properties": { "Program.Name": "NOAA WCOA", "Full.Program.Name": "National Oceanic and Atmospheric Administration -  West Coast Ocean Acidification Program", "Monitoring.Program": "NOAA WCOA", "Parameters": "fCO2; pCO2; Salinity; Temperature", "EOV.Groups": "Biogeochemical; Physical", "Parameter.Count": "4", "First.Year": null, "Last.Year": null, "Years.Sampled": null, "Frequency": "Episodic, Multi-year, Monthly", "Platform": "Vessel", "Geometry.Types": "Fixed Station", "Depth.Range..m.": null, "Sample.Locations": "3", "Centroid.Latitude": "35.4356803580218", "Centroid.Longitude": "-121.681463206266", "Gebco.Mean.Depth": "-1105", "Source.Files": "NOAA_WCOA_underway_2016_6.csv; NOAA_WCOA_underway_2022_4.csv" }, "geometry": { "type": "Polygon", "coordinates": [ [ [ -121.653627699999987, 35.4230828 ], [ -121.6541828, 35.4490696 ], [ -121.6820278, 35.4616668 ], [ -121.7093078, 35.4482711 ], [ -121.7087342, 35.422284499999989 ], [ -121.680899, 35.4096934 ], [ -121.653627699999987, 35.4230828 ] ] ] } },
{ "type": "Feature", "properties": { "Program.Name": "NOAA WCOA", "Full.Program.Name": "National Oceanic and Atmospheric Administration -  West Coast Ocean Acidification Program", "Monitoring.Program": "NOAA WCOA", "Parameters": "fCO2; pCO2; Salinity; Temperature", "EOV.Groups": "Biogeochemical; Physical", "Parameter.Count": "4", "First.Year": null, "Last.Year": null, "Years.Sampled": null, "Frequency": "Episodic, Multi-year, Monthly", "Platform": "Vessel", "Geometry.Types": "Fixed Station", "Depth.Range..m.": null, "Sample.Locations": "6", "Centroid.Latitude": "41.0124111926448", "Centroid.Longitude": "-124.635537454663", "Gebco.Mean.Depth": "-695.666666666667", "Source.Files": "NOAA_WCOA_underway_2022_5.csv" }, "geometry": { "type": "Polygon", "coordinates": [ [ [ -124.6050373, 41.0005194 ], [ -124.6067028, 41.0264978 ], [ -124.6372143, 41.0383895 ], [ -124.666047699999979, 41.0242957 ], [ -124.6643608, 40.9983181 ], [ -124.6338618, 40.9864336 ], [ -124.6050373, 41.0005194 ] ] ] } },
{ "type": "Feature", "properties": { "Program.Name": "NOAA WCOA", "Full.Program.Name": "National Oceanic and Atmospheric Administration -  West Coast Ocean Acidification Program", "Monitoring.Program": "NOAA WCOA", "Parameters": "fCO2; pCO2; Salinity; Temperature", "EOV.Groups": "Biogeochemical; Physical", "Parameter.Count": "4", "First.Year": "2011", "Last.Year": "2011", "Years.Sampled": "1", "Frequency": "Episodic, Multi-year, Monthly", "Platform": "Vessel", "Geometry.Types": "Fixed Station", "Depth.Range..m.": null, "Sample.Locations": "5", "Centroid.Latitude": "35.6293375487986", "Centroid.Longitude": "-121.768587898944", "Gebco.Mean.Depth": "-944.6", "Source.Files": "NOAA_WCOA_underway_2011_1.csv" }, "geometry": { "type": "Polygon", "coordinates": [ [ [ -121.7406684, 35.6167625 ], [ -121.7412542, 35.6427455 ], [ -121.7691832, 35.6553201 ], [ -121.796516499999981, 35.6419058 ], [ -121.7959121, 35.6159231 ], [ -121.767993, 35.6033545 ], [ -121.7406684, 35.6167625 ] ] ] } },
{ "type": "Feature", "properties": { "Program.Name": "NOAA WCOA", "Full.Program.Name": "National Oceanic and Atmospheric Administration -  West Coast Ocean Acidification Program", "Monitoring.Program": "NOAA WCOA", "Parameters": "fCO2; pCO2; Salinity; Temperature", "EOV.Groups": "Biogeochemical; Physical", "Parameter.Count": "4", "First.Year": null, "Last.Year": null, "Years.Sampled": null, "Frequency": "Episodic, Multi-year, Monthly", "Platform": "Vessel", "Geometry.Types": "Fixed Station", "Depth.Range..m.": null, "Sample.Locations": "7", "Centroid.Latitude": "35.4750559987842", "Centroid.Longitude": "-121.654738368637", "Gebco.Mean.Depth": "-1046.14285714286", "Source.Files": "NOAA_WCOA_underway_2022_4.csv" }, "geometry": { "type": "Polygon", "coordinates": [ [ [ -121.626893, 35.4624524 ], [ -121.6274395, 35.4884386 ], [ -121.6552943, 35.5010419 ], [ -121.6825928, 35.4876528 ], [ -121.6820278, 35.4616668 ], [ -121.6541828, 35.4490696 ], [ -121.626893, 35.4624524 ] ] ] } },
{ "type": "Feature", "properties": { "Program.Name": "NOAA WCOA", "Full.Program.Name": "National Oceanic and Atmospheric Administration -  West Coast Ocean Acidification Program", "Monitoring.Program": "NOAA WCOA", "Parameters": "fCO2; pCO2; Salinity; Temperature", "EOV.Groups": "Biogeochemical; Physical", "Parameter.Count": "4", "First.Year": "2011", "Last.Year": "2011", "Years.Sampled": "1", "Frequency": "Episodic, Multi-year, Monthly", "Platform": "Vessel", "Geometry.Types": "Fixed Station", "Depth.Range..m.": null, "Sample.Locations": "6", "Centroid.Latitude": "35.5144243899725", "Centroid.Longitude": "-121.627986322616", "Gebco.Mean.Depth": "-919.666666666667", "Source.Files": "NOAA_WCOA_underway_2011_1.csv; NOAA_WCOA_underway_2011_2_1.csv" }, "geometry": { "type": "Polygon", "coordinates": [ [ [ -121.6001312, 35.5018147 ], [ -121.600668899999988, 35.5278003 ], [ -121.628533499999975, 35.5404097 ], [ -121.6558506, 35.5270273 ], [ -121.6552943, 35.5010419 ], [ -121.6274395, 35.4884386 ], [ -121.6001312, 35.5018147 ] ] ] } },
{ "type": "Feature", "properties": { "Program.Name": "NOAA WCOA", "Full.Program.Name": "National Oceanic and Atmospheric Administration -  West Coast Ocean Acidification Program", "Monitoring.Program": "NOAA WCOA", "Parameters": "fCO2; pCO2; Salinity; Temperature", "EOV.Groups": "Biogeochemical; Physical", "Parameter.Count": "4", "First.Year": "2011", "Last.Year": "2011", "Years.Sampled": "1", "Frequency": "Episodic, Multi-year, Monthly", "Platform": "Vessel", "Geometry.Types": "Fixed Station", "Depth.Range..m.": null, "Sample.Locations": "2", "Centroid.Latitude": "35.5537855398808", "Centroid.Longitude": "-121.601207030897", "Gebco.Mean.Depth": "-889.5", "Source.Files": "NOAA_WCOA_underway_2011_1.csv" }, "geometry": { "type": "Polygon", "coordinates": [ [ [ -121.573342, 35.5411698 ], [ -121.573871099999977, 35.5671548 ], [ -121.6017455, 35.5797703 ], [ -121.6290811, 35.5663945 ], [ -121.628533499999975, 35.5404097 ], [ -121.600668899999988, 35.5278003 ], [ -121.573342, 35.5411698 ] ] ] } },
{ "type": "Feature", "properties": { "Program.Name": "NOAA WCOA", "Full.Program.Name": "National Oceanic and Atmospheric Administration -  West Coast Ocean Acidification Program", "Monitoring.Program": "NOAA WCOA", "Parameters": "fCO2; pCO2; Salinity; Temperature", "EOV.Groups": "Biogeochemical; Physical", "Parameter.Count": "4", "First.Year": "2011", "Last.Year": "2011", "Years.Sampled": "1", "Frequency": "Episodic, Multi-year, Monthly", "Platform": "Vessel", "Geometry.Types": "Fixed Station", "Depth.Range..m.": null, "Sample.Locations": "2", "Centroid.Latitude": "35.4372247397795", "Centroid.Longitude": "-121.571229493609", "Gebco.Mean.Depth": "-975.5", "Source.Files": "NOAA_WCOA_underway_2011_2_1.csv" }, "geometry": { "type": "Polygon", "coordinates": [ [ [ -121.543411299999988, 35.4246008 ], [ -121.5439295, 35.4505881 ], [ -121.5717571, 35.4632117 ], [ -121.5990567, 35.4498419 ], [ -121.59852, 35.4238548 ], [ -121.5707022, 35.4112373 ], [ -121.543411299999988, 35.4246008 ] ] ] } }
]
}
